block_time,hash,label,sender,target
2026-04-23 23:54:35.000 UTC,0x1826b9a568876930fc320adf969d7313fc8b2169821b1a4ea551533c84bcf356,NFT,0x18ac59919741ead9e48a6ae4b24b5ce05505fa4b,0x00005ea00ac477b1030ce78506496e8c2de24bf5
2026-04-23 23:54:35.000 UTC,0x8daa30124064583dcca1999dbc8661bc2481458bc7df4a4383fb08b050e4c61a,NFT,0x4cb5378b6711c93f7e4126efbb8adffd23de52c1,0x00005ea00ac477b1030ce78506496e8c2de24bf5
2026-04-23 23:54:47.000 UTC,0xaa1b3abed1d715636a7f3af71be31d52eccbff810af324b7d4db4a6be935ed52,NFT,0xe655d8b8f7ea0bcf29c29f202839fb64597fc40a,0x00005ea00ac477b1030ce78506496e8c2de24bf5
2026-04-23 23:54:47.000 UTC,0x7ca5ed3ac43f9fbc6dc3e7a1ab35f20928b443e05edef1397a2d278d0627106e,NFT,0xa24d661aa481813bc6a148768785949129e0c310,0x00005ea00ac477b1030ce78506496e8c2de24bf5
2026-04-23 23:54:47.000 UTC,0x029790c5e38697671e96a9d97983a1d77ea0f51277177cb447a91551ca8b26e7,NFT,0xff81bc108a39823bdbed3bbb5036c422d953e1e2,0x00005ea00ac477b1030ce78506496e8c2de24bf5
2026-04-23 23:54:47.000 UTC,0x2723e2c8e0f617a69c2c72efa1d4e93463c3065a135bca6e40eeccc3b2841a1b,NFT,0x666d254b723ce08978efa1715978767e23df6126,0x00005ea00ac477b1030ce78506496e8c2de24bf5
2026-04-23 23:54:47.000 UTC,0x03b574faa7ffee7cb277d7bd4d7eef38446f312857dbc497934135a8639ec185,NFT,0xfa57fc471785109e0ef4a62f026a2149b30dedc7,0x00005ea00ac477b1030ce78506496e8c2de24bf5
2026-04-23 23:54:47.000 UTC,0x120a2590f6a90e81f36876e26f65f6b27a6623a25e29a4af0f998b4a2ff91ed5,NFT,0x1f63fbef39b58d5f7b5f9dc1d8af3a71040b2d62,0x00005ea00ac477b1030ce78506496e8c2de24bf5
2026-04-23 23:54:59.000 UTC,0x247ee9d382a1116db5b7e99a11bec769791c1b23934d938be1b52c858793662b,NFT,0xb220f59597a3b63dad967a2bf9d5077018fd4670,0x00005ea00ac477b1030ce78506496e8c2de24bf5
2026-04-23 23:54:59.000 UTC,0xd522bc9e0d57e9289d5edbd06c8f0875c2d5bb050014146dfaee39a218c9ef38,NFT,0x49d6348643daba8667ea9ad93256867619c6a976,0x00005ea00ac477b1030ce78506496e8c2de24bf5
2026-04-23 23:54:59.000 UTC,0x7bc972f3b26ca7712a0810829e0452a2c6966119fdeafd278840766e26accef0,NFT,0xd8a7f08107ebbe49e088d45472402d89be741db1,0x00005ea00ac477b1030ce78506496e8c2de24bf5
2026-04-23 23:54:59.000 UTC,0xe22a4171a214f43111c6d3d3522bfca47d9a6631c63516a4e7c300a4d5ae430c,NFT,0xac98eb2af74ff3521ede5f509ef0dd799f215e52,0x00005ea00ac477b1030ce78506496e8c2de24bf5
2026-04-23 23:54:59.000 UTC,0xd257b3b9f099e5911f26178937f595203d4bae21a738a86ed8d95bae36227b40,NFT,0xea317ef7b00219cc5218b011199cec35574a4c7d,0x00005ea00ac477b1030ce78506496e8c2de24bf5
2026-04-23 23:54:59.000 UTC,0xc7aa45f1d31b38ea7e9d42223250449f2e69866fe04d7b67d8ac670e142782d9,NFT,0x7fbf0561ecfbe3c6b482c37b07e16e1c57b9e197,0x00005ea00ac477b1030ce78506496e8c2de24bf5
2026-04-23 23:55:11.000 UTC,0x97a89ed0962e851e8fdd1e61e8db2fa7b70e8b0eeb720bdab7b15339e84d2224,NFT,0x63189f87fad31f788746a73e5aff43840a83d136,0x00005ea00ac477b1030ce78506496e8c2de24bf5
2026-04-23 23:55:11.000 UTC,0xec8f64ac6dae0225e34f2a120a7bf5f7399c1f05eb0832ceb12200514b99c69c,NFT,0xff54d16a14e7222f0ccb5b8a9db69e1de1ca499f,0x00005ea00ac477b1030ce78506496e8c2de24bf5
2026-04-23 23:55:11.000 UTC,0x36667b22ddc4ce33845579dd7f8fd4187422b6bfb854a200dccfd939171c39cb,NFT,0xe433c5304b78792ef56a4c00b99673743e62e5b8,0x00005ea00ac477b1030ce78506496e8c2de24bf5
2026-04-23 23:55:23.000 UTC,0x39e9b73bfa74aaadfe48c0822cea747605c751aa6b0810723c8d3f3f2daf535a,NFT,0x6c028c925e09224b363dd1fba138c96e68125b20,0x00005ea00ac477b1030ce78506496e8c2de24bf5
2026-04-23 23:55:35.000 UTC,0x163a53d17afd7f469e1dd12f8cce15b8ee66359bb0adbcad63aa56600de7bd2e,NFT,0x1c604d149c5437650aed0478e48536b209031ad2,0x00005ea00ac477b1030ce78506496e8c2de24bf5
2026-04-23 23:55:35.000 UTC,0x7ba8ec97d4127794db629505c8781fc7d4c49b535163dcd134ab9e208542479a,NFT,0xca85665529c26031d1dea2bbcbbfbb3e254aec58,0x00005ea00ac477b1030ce78506496e8c2de24bf5
2026-04-23 23:55:35.000 UTC,0x3724c4dee985f62ba1ff64a9aa1a8814cbf1eb4e3589fc359fcdcf8672dacc7c,NFT,0x89a350a7d041f4f5820202e6e2d8f85df4531fef,0x00005ea00ac477b1030ce78506496e8c2de24bf5
2026-04-23 23:55:47.000 UTC,0xc8bd1d4d30ba7f3cfbfa84bfc0f0888a286eb75c5baa928b9667facee0bed5b6,NFT,0x278e38dc6e561f95169ab4044f09c4d4ead653c5,0x00005ea00ac477b1030ce78506496e8c2de24bf5
2026-04-23 23:55:47.000 UTC,0x007d96f27f92041af91a0d55813d6b66810ef5e1605d15f96b4a25a08088a3ca,NFT,0x0bf03f28e54b85a4cb548c7e6b2ab57b972a8afc,0x00005ea00ac477b1030ce78506496e8c2de24bf5
2026-04-23 23:55:47.000 UTC,0x7cb0346de4e1e4ed8fbcfc454db1c521c8438bb1f4b9a765b73d3784387c92e8,NFT,0x3683c97488c0a7c630a3140761af150240e18798,0x00005ea00ac477b1030ce78506496e8c2de24bf5
2026-04-23 23:55:47.000 UTC,0x70e25dfb072f10f0c7f426c54694710c8ba7f390cac3cf7c8a3f4df5e01572a7,NFT,0xec44d47a89ed2eed5d7f2a57a85b31adc2eb4745,0x00005ea00ac477b1030ce78506496e8c2de24bf5
2026-04-23 23:55:47.000 UTC,0x15d0525f5f6d769e6a267556b51621e0a02ba76e07614584e9348b14d702e9f1,NFT,0x15b1c99dd301683a631154c4aa01daa0127aa25e,0x00005ea00ac477b1030ce78506496e8c2de24bf5
2026-04-23 23:55:47.000 UTC,0x297d390d0d8c6aaf5ddd92dfe2973f297f3827960119c3d1dd1784f7a2a2cb5a,NFT,0xde2c3b77549be5be1407edd36f2816e755843d19,0x00005ea00ac477b1030ce78506496e8c2de24bf5
2026-04-23 23:55:47.000 UTC,0xe55ce1afa437f84035e774b9e2a860b9e16d3ce7a97ae9c4cee344603e994a77,NFT,0xedf3dfe6b0cfce08574a608a016e362515abe65e,0x00005ea00ac477b1030ce78506496e8c2de24bf5
2026-04-23 23:55:47.000 UTC,0x6d6488aa4bb8de54c7c1976ce330a22e9b72cfb5bbd652161cde01dda0a9a056,NFT,0x82b57c3f221a4ff33ce61dfabf536249236b2380,0x00005ea00ac477b1030ce78506496e8c2de24bf5
2026-04-23 23:55:47.000 UTC,0x4a17d8206be0e591c127585b660474386d6c8364c235891d15f6110b45c6d411,NFT,0x2b20ac805f6df4445f35ad1a088f303620ccf0eb,0x00005ea00ac477b1030ce78506496e8c2de24bf5
2026-04-23 23:55:47.000 UTC,0x0406d690915b17a979de756b94459f1901cd20451e5432329903174d42a27488,NFT,0x0fda1db94749208ab3aa950ce0c269cb2e6e2055,0x00005ea00ac477b1030ce78506496e8c2de24bf5
2026-04-23 23:55:47.000 UTC,0x0c9965af5a53783ebab7867403b2058fe9bfebe3813499217f9a2db4e082f29b,NFT,0xf026ee4353dbfa0af713a6d42c03dacb7f07a9a5,0x00005ea00ac477b1030ce78506496e8c2de24bf5
2026-04-23 23:55:47.000 UTC,0xfdb23bec18cdd9c375a6813008405b1699b69c4ba0a274198a30fe1b9c14ad58,NFT,0x9ffb6919035f614c40edd87b479e389134709cd5,0x00005ea00ac477b1030ce78506496e8c2de24bf5
2026-04-23 23:55:47.000 UTC,0x1e0ea37bc3241f70f7b3538e6091f9cebe073019c18a432af064c47cc0ec9e01,NFT,0x3a775ecd5bba302f9be090992fc57aee5ded1b88,0x00005ea00ac477b1030ce78506496e8c2de24bf5
2026-04-23 23:55:47.000 UTC,0xf0df0b4344f64b1aec04ebfdd1a5b2542439dd4d864881261e6445f04d38e64b,NFT,0x96e79799f945033ca7db448581e71062b16ad09b,0x00005ea00ac477b1030ce78506496e8c2de24bf5
2026-04-23 23:55:47.000 UTC,0x4fea53943156b6a35564510b93fe20d8cf3ad8597b4200b77f4f98a0aa46b5b0,NFT,0x016b65329082fa975b0775ef12c885387c240afa,0x00005ea00ac477b1030ce78506496e8c2de24bf5
2026-04-23 23:55:47.000 UTC,0x17538b71936b7ae082781989dbd829f75bae59fbca71ad295b9ac2c277d5f47a,NFT,0x3767b1f475d9a5bf10e252b5bb71a93cfc1a2929,0x00005ea00ac477b1030ce78506496e8c2de24bf5
2026-04-23 23:55:47.000 UTC,0x9a9ece3e4358d4ebb44a8e25b968e51ba370514f7560006c3c0fb8afec61071d,NFT,0xd20550a796ad459fe35a6f58e034016face8563b,0x00005ea00ac477b1030ce78506496e8c2de24bf5
2026-04-23 23:55:47.000 UTC,0xf20aed32af752c444ff326d347dbcd49caa06746e2f25ddefbe3401e57d0b293,NFT,0xbcd2587a33b530d5a9e42a81c9fe4c88df730921,0x00005ea00ac477b1030ce78506496e8c2de24bf5
2026-04-23 23:55:47.000 UTC,0xa685d771b2ee183535ec2a55cdacaee5804c9012a0af5d49e909b7a523fb580c,NFT,0x3f2564cbcc4788775d64aab89086ebfccfb21a03,0x00005ea00ac477b1030ce78506496e8c2de24bf5
2026-04-23 23:55:47.000 UTC,0x309aebc14a3afebbf943431905a3983b0e61679a6edbb67922d567029c9da577,NFT,0x0e41d9c70c1ba9f7b375f26fad182dda9256bccb,0x00005ea00ac477b1030ce78506496e8c2de24bf5
2026-04-23 23:55:47.000 UTC,0x89460ec8bb4e562f6cafe9be806a39f239f0d32093ba1176d1c5e059c6fcf3ce,NFT,0x2dd68eb6855d67d651148811c7f909a766e24330,0x00005ea00ac477b1030ce78506496e8c2de24bf5
2026-04-23 23:55:47.000 UTC,0x187185b1ed1226886383d06bf3221dcc14039158a2a0882615ef141bf913503c,NFT,0x2b88cb1c319677a970d3a98b9a77f6c9175cbbc7,0x00005ea00ac477b1030ce78506496e8c2de24bf5
2026-04-23 23:55:47.000 UTC,0xeb4986d392f65c3d6773c31e5963e6f06d3108cc8b8eef257795e069fb137003,NFT,0xf72c8f35d0dabda8b77ac1f828a71bd55bf30cc7,0x00005ea00ac477b1030ce78506496e8c2de24bf5
2026-04-23 23:55:47.000 UTC,0xfe19cefcdc5d340b1a5d8f7820f9c7d08d2c7c18c82e271f8146087ee1ac1ec9,NFT,0xc4a843ddf533540474fddb7a9a03342348f6742b,0x00005ea00ac477b1030ce78506496e8c2de24bf5
2026-04-23 23:55:47.000 UTC,0xe676b47ed2e7b466dde90e46e6f6829c1890a11c2ab1bd2ec35165d221cdf514,NFT,0xa4966fa801fbaef6d51301c2a4c39eaabb56261a,0x00005ea00ac477b1030ce78506496e8c2de24bf5
2026-04-23 23:55:47.000 UTC,0xd88d86c03685006e67d75151968f40b3f2e5025584993591d604dc071d9d6f82,NFT,0xef9f41d62ae488a7aafcf17b55cb3e96505b51f8,0x00005ea00ac477b1030ce78506496e8c2de24bf5
2026-04-23 23:55:47.000 UTC,0x43aba398f59def541fa3e14e0bd7ffb4efb2a46930e86438f3672cdcbdd79e5f,NFT,0xa3102bde4683e91163538e1fda9902f5e430d33e,0x00005ea00ac477b1030ce78506496e8c2de24bf5
2026-04-23 23:55:47.000 UTC,0x20f2af6155bcd8ec254d6c250ae898d7015c7d4e5630b29f577b370c91608454,NFT,0x86fcca21b4f31129f2ef18e85719800cc63e2d0a,0x00005ea00ac477b1030ce78506496e8c2de24bf5
2026-04-23 23:55:47.000 UTC,0x429cea1890c7deea5e0cccda86e84382a95965b8d30a9a5f842ce3785e32a28c,NFT,0xf820cd5ceac2ca022febe64e1eb5349e37401e5d,0x00005ea00ac477b1030ce78506496e8c2de24bf5
2026-04-23 23:55:47.000 UTC,0xf0a71ee13afe506806cccc8ef0c1cb8104f485fdf59d5f6d6172e10d8fa7edba,NFT,0xf9789bd65d0f7cee58d40e3730b2a384fa265808,0x00005ea00ac477b1030ce78506496e8c2de24bf5
2026-04-23 23:55:47.000 UTC,0xfa433e33a3e66c3d83397f34bff622c348fe72cfefbe6a535adcfaf866e2128f,NFT,0x791bf4130cd4878d72870d89548360800f31a972,0x00005ea00ac477b1030ce78506496e8c2de24bf5
2026-04-23 23:55:47.000 UTC,0xd42af1b1ae5ed9e13ce3a1b443b5bbac2c3d69199419c9dd6245c8ece2fc0df3,NFT,0x03aa65bc2337e6fdf9f389392680b08fad2ffb95,0x00005ea00ac477b1030ce78506496e8c2de24bf5
2026-04-23 23:55:47.000 UTC,0xa37cf98411868218f87f080343f63c373bbd1b72551de43e394b2aee9ae787ac,NFT,0x90fff5158f92bd901151b3b9a281d4b95e915d16,0x00005ea00ac477b1030ce78506496e8c2de24bf5
2026-04-23 23:55:47.000 UTC,0x14758d4edb6c086b7cf0d7706c40aa1ee370aa2e074b44d6808350de55857b0f,NFT,0x52dabdf3f1fbc2a63f97c0356c5b9d98c7e1b3eb,0x00005ea00ac477b1030ce78506496e8c2de24bf5
2026-04-23 23:55:47.000 UTC,0x08b3aca037e918d03273df4a37be00e4072814276f3904e06ce080f36c05f944,NFT,0x10b8881b8434626c21907fd83ddcd5a41c043b24,0x00005ea00ac477b1030ce78506496e8c2de24bf5
2026-04-23 23:55:47.000 UTC,0x70b28be0b9b51a193117c88103b122d146a64abc354f09b6b80da166245ca585,NFT,0xc155724fd34fffd8eebbf55692a12ed74a88b92a,0x00005ea00ac477b1030ce78506496e8c2de24bf5
2026-04-23 23:55:47.000 UTC,0x048639a4516df839e85fd07f2a6ce8447f06be8282440720d51bdae26bb79871,NFT,0xa7ea2360fa1011a10bb31d9f352d668b0c84228b,0x00005ea00ac477b1030ce78506496e8c2de24bf5
2026-04-23 23:55:47.000 UTC,0x6d100fcad383576caec4fdb48e93188167bac1d887939e411a5e6d6c2268e03e,NFT,0x430be1bd579fdc1f0b93f26994fdb50ec5c669fb,0x00005ea00ac477b1030ce78506496e8c2de24bf5
2026-04-23 23:55:47.000 UTC,0xb9330528bf1ad64fdbec707b0005a96f369aa2a77fff4d1de04a6663f0eafdb4,NFT,0x7719a378dcf5c7d6adbf15a9943d1c9c251d518b,0x00005ea00ac477b1030ce78506496e8c2de24bf5
2026-04-23 23:55:47.000 UTC,0xf87634adf0ef66d1912e4664c2742443a2e9bf54ef65d7e9c82e6c5b9cae1275,NFT,0xc10b700b4d504f3ff0fa75daf3e2ad7384b575fc,0x00005ea00ac477b1030ce78506496e8c2de24bf5
2026-04-23 23:55:47.000 UTC,0x8c1c775900f4f918abdb6d1546336d3d7d103ed33ca3d447f37b02d581cb1aa0,NFT,0x56e8ab77380d1dd26ae37c57f44acfd7a74ed3b0,0x00005ea00ac477b1030ce78506496e8c2de24bf5
2026-04-23 23:55:47.000 UTC,0xd106c55efdf74cb9d5e0212cbfd71f5247d7b59ec3f07b47fe4f895eea78d980,NFT,0xffcd6223162b0d38a765d6e709dda9f41832fd8b,0x00005ea00ac477b1030ce78506496e8c2de24bf5
2026-04-23 23:55:59.000 UTC,0xddc78a288869ef9f2f95501bdfb9f0e61ae6b43378bbf65831ac5816b42e133b,NFT,0xc3c4f0465bd4e4f44210b14e1ae6f4c9e56f0117,0x00005ea00ac477b1030ce78506496e8c2de24bf5
2026-04-23 23:55:59.000 UTC,0xe84cee19d9e81d1066466f4a223e61be93bc7c609fb166087e7e22bfedc65ea2,NFT,0x75ba58450584f3962d663a1111b559cc3f24b94f,0x00005ea00ac477b1030ce78506496e8c2de24bf5
2026-04-23 23:55:59.000 UTC,0xae6f55ef45c7acad9badc4a69909e60f4bd20f12ec60367de3f7809fae428556,NFT,0xb81757630c53bd57775ac576033b4508ba5b93cb,0x00005ea00ac477b1030ce78506496e8c2de24bf5
2026-04-23 23:55:59.000 UTC,0x1307acd3c47724a52eb6ba83b85456d315b596e9654ff46c76ddb12ddad7639b,NFT,0xe656915933c3efc8bfea9e6aa77873f75119a1d6,0x00005ea00ac477b1030ce78506496e8c2de24bf5
2026-04-23 23:55:59.000 UTC,0xb715a6d1d3da21e66bbf3c96010b00d2407c5e2e79cf9564c6b07ae21f55b79a,NFT,0x0dc11f3ed4fea6c214f19d3ec186953cdb22b61c,0x00005ea00ac477b1030ce78506496e8c2de24bf5
2026-04-23 23:55:59.000 UTC,0x9ed2b167d71fc633c57b59899e7de8b8d695cd50f4b75ea95a62aa0522d1a199,NFT,0xd707ebb98a3a678faefba9f3c8d186d1e111c601,0x00005ea00ac477b1030ce78506496e8c2de24bf5
2026-04-23 23:55:59.000 UTC,0x465f7981ec11d4674f8d1fbee3c0d3e6f15ff1eb1986daffe0ce0d3c7a0743be,NFT,0x22f41cd897811636fbddf9e902abbfa4910f10d3,0x00005ea00ac477b1030ce78506496e8c2de24bf5
2026-04-23 23:55:59.000 UTC,0xc35b3aa3f928e03ea954fc0214a242f98ff7b66638b5f160d18e67bbf23837ca,NFT,0x38ec36ab5f464b4ca0914beaabd698d8296c31cf,0x00005ea00ac477b1030ce78506496e8c2de24bf5
2026-04-23 23:55:59.000 UTC,0xc44b323ce809809ef9386023c6608864e47b746db81ba6ab7c71bdf6f76d08f1,NFT,0xb2e27fee5e784ba2425d9d43faef37449ab3941a,0x00005ea00ac477b1030ce78506496e8c2de24bf5
2026-04-23 23:55:59.000 UTC,0x35c132fa46bf7893883415563788252c522913ac025f66623f2ba07c1b7a79b8,NFT,0x74d5869ec9741c2137f3f5c66a7c0034e93e97a9,0x00005ea00ac477b1030ce78506496e8c2de24bf5
2026-04-23 23:56:11.000 UTC,0x4bb7a0eebaab716f8aeda50fcfb022d5f016caef8a25b01d6d2b9e7e62410fd2,NFT,0x2d40a68d0ff646dbef8239d8b1d57c8545de0170,0x00005ea00ac477b1030ce78506496e8c2de24bf5
2026-04-23 23:56:11.000 UTC,0xb551df6483605ca29cdb2c5c86151032e159311805199988c1f5405062b496e1,NFT,0x136e409d3c13dbf044d8eca5e6c22cb0a7915500,0x00005ea00ac477b1030ce78506496e8c2de24bf5
2026-04-23 23:56:23.000 UTC,0xfd61f7ab51b761c4e4120e8eeed4dc609dc80c031caf7a64715627b443eec040,NFT,0x58ce1e07f8f05be96a5cc85fe3a82ea698a14a02,0x00005ea00ac477b1030ce78506496e8c2de24bf5
2026-04-23 23:56:23.000 UTC,0xa30ef00c08b907699bba1c38f355bdcbdb1e860990e15ed26fdcbd2850aee3e5,NFT,0xcef4c5ef7fe1ae63674d08f6e604d49242268e51,0x00005ea00ac477b1030ce78506496e8c2de24bf5
2026-04-23 23:56:35.000 UTC,0xdd175c1a0df2f4c99326b8026c715f23fbd9dd524a70f448295a80949cf22fe8,NFT,0xe9808877fc7f503ed7d58cfe4567d8b108d2f8ea,0x00005ea00ac477b1030ce78506496e8c2de24bf5
2026-04-23 23:56:35.000 UTC,0xd791c22fc4257deb84c2a5da6bd160fa5a94b1013875a6c8dc1bcaf290b23c00,NFT,0x2c124c2af5bd073b2e33ba3ccb7819b5fc06a21b,0x00005ea00ac477b1030ce78506496e8c2de24bf5
2026-04-23 23:56:35.000 UTC,0x872a886097bdee3d52b1ceba19ed5aa4c11ec00aacd3d211533ebddf1833c0b4,NFT,0x8ba7e34be3e5601c14ac5b75bec2b24cb1bd37a5,0x00005ea00ac477b1030ce78506496e8c2de24bf5
2026-04-23 23:56:35.000 UTC,0x8d7caa1cb44c5fbdd3c7fbd06ba11388fe28fc94c8fc5e316e1a3d39c5a78cb7,NFT,0x33b09e9b8a9f7e94836978cf5533bd20d001583b,0x00005ea00ac477b1030ce78506496e8c2de24bf5
2026-04-23 23:56:35.000 UTC,0x1131ab9063c9f9f40d045ae5b06f77705c1985f020bfe3741b52cf2ee03bcf96,NFT,0x578ccb2fcb34d3176aa84072c710c8526d1e570d,0x00005ea00ac477b1030ce78506496e8c2de24bf5
2026-04-23 23:56:35.000 UTC,0x9b3d60e7f2555276a9a37a90e7f3386c2ea1290ba6f75d095abb1df013f19ccf,NFT,0xca4f8f95dc9b5c676fa10a212b117a3e5ca32240,0x00005ea00ac477b1030ce78506496e8c2de24bf5
2026-04-23 23:56:35.000 UTC,0xc630c269a3f8dbf0622d1d69f4c7ce00e410fd49468205e9a91dbb3645b7f716,NFT,0x5e39d104d4122ec51ebdf77f7a3b9be9c6f0c00f,0x00005ea00ac477b1030ce78506496e8c2de24bf5
2026-04-23 23:56:47.000 UTC,0x6d29d1415a628213bcab9a23f13bd72074907b83840ae36c6f8b4f96f3d84219,NFT,0x29856d5298878dfc74680f3fa6d3b861d3dd3884,0x00005ea00ac477b1030ce78506496e8c2de24bf5
2026-04-23 23:56:47.000 UTC,0x405d273d1a721f795ded34e88360b93eb19f17d0bdb9a7605f7caf05b9dfdef8,NFT,0x497319030d1ba7c51eb25f2ddc837ad781962d4a,0x00005ea00ac477b1030ce78506496e8c2de24bf5
2026-04-23 23:56:47.000 UTC,0x4aeb9811213b3f70d9fbc3ea7ae1622ea5ac594b5ad9b3277123f1315cb21f1a,NFT,0xdc74679b1eb9e3c4a1159931c4b885e45f9ccddd,0x00005ea00ac477b1030ce78506496e8c2de24bf5
2026-04-23 23:56:59.000 UTC,0xa95e5a9b2b21f5bf0cd2c98682e0cf2e8f416c1c635c88a1a8c95f08bf53cf19,NFT,0xca2be13c2f850ed1dfee014ce0fb4c5cc7125a27,0x00005ea00ac477b1030ce78506496e8c2de24bf5
2026-04-23 23:56:59.000 UTC,0x775deaaf57129176e4cbeacad796e2a87eb97aacda0301f76ef5ad192b02b4a4,NFT,0x2b38b8a52cfa08ffc288c9babd3a53ec7153052a,0x00005ea00ac477b1030ce78506496e8c2de24bf5
2026-04-23 23:56:59.000 UTC,0x134a6823cf6c99fc09e84e2dd70db19cfcc09e93a39c674da1a3cd33255855ff,NFT,0xbc908420f95fc2f7149fe0be3326f7f0c192e87f,0x00005ea00ac477b1030ce78506496e8c2de24bf5
2026-04-23 23:57:11.000 UTC,0xa007c02117ff7ab1039604eb40f025550f82b069383bfc1f30560411d702fa5a,NFT,0x994defa2ec5fc980b3419067916aa1ceb2539de4,0x00005ea00ac477b1030ce78506496e8c2de24bf5
2026-04-23 23:57:11.000 UTC,0x5d2803e652618ee4db8144b42c321570d1d0fd4b2d571ccae099222b25e64c70,NFT,0x213b7cb6d85b147b4c8d7c766bbabab750e5566f,0x00005ea00ac477b1030ce78506496e8c2de24bf5
2026-04-23 23:57:11.000 UTC,0x22e2bd33faa26c2fccc7080b9ce4190753c17809b6ade0f917edc6cb7169db64,NFT,0x497319030d1ba7c51eb25f2ddc837ad781962d4a,0x00005ea00ac477b1030ce78506496e8c2de24bf5
2026-04-23 23:57:11.000 UTC,0x9be568f641a2f92932abc6b71d127ae3d856b9626d2fabd4dee65605788453d4,NFT,0x1d91d449c3aad02720590cf241ec07a4332c3c61,0x00005ea00ac477b1030ce78506496e8c2de24bf5
2026-04-23 23:57:11.000 UTC,0x5019c7670a49dbdb753ca4d0b381dec80db7948a24027534ebb5f598e9a8a298,NFT,0xfb8b3da119df0017a99a79053f8fa3db2912adc3,0x00005ea00ac477b1030ce78506496e8c2de24bf5
2026-04-23 23:57:11.000 UTC,0xcb464f6bd0e07760755c3fb254ba08790301d51ef3d1b87f4854db87ece520f9,NFT,0x3cfce2dff6b1f29285b2056bc05974fced872ffa,0x00005ea00ac477b1030ce78506496e8c2de24bf5
2026-04-23 23:57:11.000 UTC,0xde901e710de6e166ffb2a5e7746bf724d5ad7917fa330c3ced8e3ef828e5efff,NFT,0x39ef1da92277310427cebeeb8e9db3cb5dee0021,0x00005ea00ac477b1030ce78506496e8c2de24bf5
2026-04-23 23:57:23.000 UTC,0x1656fb9ef90ec15f3d7feba697ef0a59d88841aaefaf58eaf3d4d1226a8af140,NFT,0x1280a7b751cdeac2ecc7b02e7315fe87b42e884d,0x00005ea00ac477b1030ce78506496e8c2de24bf5
2026-04-23 23:57:23.000 UTC,0x65edfd8d9dd93e76a3d0579419d9c94fb1cd13d7a2fd8f90a2d363cfaec7d7ce,NFT,0x23158147aee263a16bc64042bfa823d31e94a998,0x00005ea00ac477b1030ce78506496e8c2de24bf5
2026-04-23 23:57:23.000 UTC,0xbe194e15c55fb87574be7b6a1f6636c929f3524bb06c9b7e33abd023f63ae17f,NFT,0xa2cb0cae7cddc2ae00fe9a1a5e3e081ce946f03a,0x00005ea00ac477b1030ce78506496e8c2de24bf5
2026-04-23 23:57:23.000 UTC,0x90e7d32e28364243441653ada71391dd366e9b05bfce4eb20acf59a0cd8d1846,NFT,0x509c69f183360167cadf35e74029fdd98c3d2c4d,0x00005ea00ac477b1030ce78506496e8c2de24bf5
2026-04-23 23:57:23.000 UTC,0xe9f96e15ab9d9b84460c3d74c972b18812016abcf11dcd5255f2dc0758217c66,NFT,0xc49c2900a2722c6fb0935db945d2ca8504e41028,0x00005ea00ac477b1030ce78506496e8c2de24bf5
2026-04-23 23:57:23.000 UTC,0xfd9fa755f397f43b1b7db21cf75617b1a83222d3c39d4a3015cb93325fa6bf68,NFT,0xbac44851587e68495f6bf2f91bd8260234d6bcbb,0x00005ea00ac477b1030ce78506496e8c2de24bf5
2026-04-23 23:57:23.000 UTC,0xaca1fb55b7ed991a8e0f213ea37feccf6d82143e80addc7da44d23e5afa59e88,NFT,0x28d9e3b964140474497e0ef1c8feb767fe78a8a5,0x00005ea00ac477b1030ce78506496e8c2de24bf5
2026-04-23 23:57:23.000 UTC,0x6d9743d76499f6a1ec34ae956c9f561383415d7b8a2d2083a5b928a5d0f09777,NFT,0x497319030d1ba7c51eb25f2ddc837ad781962d4a,0x00005ea00ac477b1030ce78506496e8c2de24bf5
2026-04-23 23:57:23.000 UTC,0x725a125c8800272a1259a8dc49f6bdd2b2e05e302f9961f9dc833c4ba3d1d20a,NFT,0xf43c8f4df45b5ba8a6d5f4723284d260e5075f72,0x00005ea00ac477b1030ce78506496e8c2de24bf5
2026-04-23 23:57:35.000 UTC,0x510d463eaffdee23ae786f7d46c36ad739193166ca22e4fc628926e1aba196c7,NFT,0x021325bafa402cf47d382d2d6209c4cce41aa5e5,0x00005ea00ac477b1030ce78506496e8c2de24bf5
2026-04-23 23:57:35.000 UTC,0xe4cbf6fe1a1b0094a66b502e344d9747706ad2615ca6e0c8905c83e1d3c5fc17,NFT,0x3fef0374d38a9d68bbd28e32b228aa8e85a7214e,0x00005ea00ac477b1030ce78506496e8c2de24bf5
2026-04-23 23:57:35.000 UTC,0x22820560c41766674792af787df79adc694b5e9887ad0c7d5cd6caa60f7364af,NFT,0x2a2f81a2268e68322dc823a552e2d822b5c29af2,0x00005ea00ac477b1030ce78506496e8c2de24bf5
2026-04-23 23:57:35.000 UTC,0x98bd78122e22edf2dd4aacc7e467e1b07805bff0e82b5718b91f2b4c91703423,NFT,0x6b45cad79deee6a4ce34c2eb944f73f7324b6c5b,0x00005ea00ac477b1030ce78506496e8c2de24bf5
2026-04-23 23:57:35.000 UTC,0xcfdffa0205fa2f215bd30f06eda0b9a387bc32b731c9d227a383c79264206660,NFT,0x34f19afc59421bd8eb5376d93d7e8ede18ab9849,0x00005ea00ac477b1030ce78506496e8c2de24bf5
2026-04-23 23:57:35.000 UTC,0x1b884166d476163273b47b6c2c8d9c53f4c8523f6e573b0d4b8532c43a159fdf,NFT,0x936378b2504f29c86b76882d58f26f784378adea,0x00005ea00ac477b1030ce78506496e8c2de24bf5
2026-04-23 23:57:47.000 UTC,0xf7988d426295b3fcbbaf5183d0c6a40e6947cfbc1442e648c455d1c7135a8beb,NFT,0x480a3e53436c1e56a9152ed030d45a0d94163911,0x00005ea00ac477b1030ce78506496e8c2de24bf5
2026-04-23 23:57:47.000 UTC,0xf8c50ff56c3c9c5a2fa0eb38cb8acb96cd25c6ca9bc62d6349ef48e07708d9df,NFT,0xc6a3b43361184e1aa24752e7a3bf311b213d7391,0x00005ea00ac477b1030ce78506496e8c2de24bf5
2026-04-23 23:57:47.000 UTC,0xd776377fb4cd70f134981be3c799a01898e3eefe7a1100e1c29f3f4e2ad751e6,NFT,0xe1d43e2b420722f4349d67c6c5b18ee40396c5bb,0x00005ea00ac477b1030ce78506496e8c2de24bf5
2026-04-23 23:57:59.000 UTC,0x4ec8efd2f1df46b3e847b54cb3f1b15bdc4ac739c6a9aea824e2f32b2e0800e0,NFT,0x3961bcf8adabb821868264b56f11529f018b3b03,0x00005ea00ac477b1030ce78506496e8c2de24bf5
2026-04-23 23:57:59.000 UTC,0x7bcb63203445580bea657fa48fb43e28019d294c9e0f481d2b2e02d63c16b670,NFT,0x4f9005b299868f98b41de34702d9d3db49b898ae,0x00005ea00ac477b1030ce78506496e8c2de24bf5
2026-04-23 23:57:59.000 UTC,0x3be98e355b642a88a4bd2a75a85859bbe6511ed7a635a5064a4358edb433f6fd,NFT,0x02a19cba87708c9f23f56c83155778ab0597ffd6,0x00005ea00ac477b1030ce78506496e8c2de24bf5
2026-04-23 23:57:59.000 UTC,0x60f8bd9ee1cda6c080e7ab2e9c6f30ef6c45880bc7d5ee2b6e0562886c9d3106,NFT,0x2ed617d7af2bf80f91211becad4de1c8c47f3c22,0x00005ea00ac477b1030ce78506496e8c2de24bf5
2026-04-23 23:57:59.000 UTC,0x0eef502f6a5cc5085e93ae0179a0352eeebf51bd2d19995d14b970e7fbfd3f9a,NFT,0xce1da69e1d17aee76a7a14530fc4b81cce7302e8,0x00005ea00ac477b1030ce78506496e8c2de24bf5
2026-04-23 23:58:11.000 UTC,0xc9959ba9463eee133843066f61a3ddf438a12d2cb164a39657007e77cbfc9caf,NFT,0x0aa09a2020d64f99465ee5acc222d0eea0ce29bc,0x00005ea00ac477b1030ce78506496e8c2de24bf5
2026-04-23 23:58:11.000 UTC,0x0a2738b7c7184ac255a3666c0d7ee5448e1ce4ddd711553ad4d94752a336b194,NFT,0x6b45cad79deee6a4ce34c2eb944f73f7324b6c5b,0x00005ea00ac477b1030ce78506496e8c2de24bf5
2026-04-23 23:58:11.000 UTC,0xe8797bea54e24bc9956846f262e03db80ccf9ebc50a49bdd0bd2d81a5cf1dc61,NFT,0xd49984ef1d5b70875feb3ab5d253f10bcace56f4,0x00005ea00ac477b1030ce78506496e8c2de24bf5
2026-04-23 23:58:11.000 UTC,0xd8be7d4a233eb20993a02051b5d0d816c72dc4edf3f4b4847f20114fae6ab3c8,NFT,0xad87b8463a9a17035787ccd7a19d967537dd9ed5,0x00005ea00ac477b1030ce78506496e8c2de24bf5
2026-04-23 23:58:11.000 UTC,0xed45d7a0ab4c12c38daaef0f116d5d6838f5df6dd2eb5b0d6ea0224dd2d454f7,NFT,0x2b6f21a7a71543ebe8ce043d004756641d7f8a00,0x00005ea00ac477b1030ce78506496e8c2de24bf5
2026-04-23 23:58:11.000 UTC,0x41e5e36fe8916ee8d417fc040c88b2e7b9b5e289abe60c1335661953a4ba4412,NFT,0xc45103c161847ccd8c645e79e14c446ecaeae7ab,0x00005ea00ac477b1030ce78506496e8c2de24bf5
2026-04-23 23:58:11.000 UTC,0xc803156797704e236d8a4f15e90b1c4d76e6724fc9f9217b114ad654613b5cc6,NFT,0x50f01572b69cd801383ac964e51e679ed956ffde,0x00005ea00ac477b1030ce78506496e8c2de24bf5
2026-04-23 23:58:11.000 UTC,0x98d41218df41e36869b615f63719d35139917d23a8b4cbe59d769d5114970c59,NFT,0x1d91d449c3aad02720590cf241ec07a4332c3c61,0x00005ea00ac477b1030ce78506496e8c2de24bf5
2026-04-23 23:58:11.000 UTC,0x9f6e1a5018ecafa4213304e4ad31de0acd13623d8e4975a85f68ee2436340c1d,NFT,0x28d9e3b964140474497e0ef1c8feb767fe78a8a5,0x00005ea00ac477b1030ce78506496e8c2de24bf5
2026-04-23 23:58:23.000 UTC,0x10e7a949bd71c085f07d25df28198343941ec8c6e1cbf4d6f344aa097acd6779,NFT,0xb98368664bcfd4d69ed7452b36af15d11320a73c,0x00005ea00ac477b1030ce78506496e8c2de24bf5
2026-04-23 23:58:23.000 UTC,0xeebb94f563f9291c59eddc0b2eeeb1ad7e0ea55071de6be13f058d3efa4f100e,NFT,0x535f73fc4a4a5597ee0bd3574d5680d6cc1132cd,0x00005ea00ac477b1030ce78506496e8c2de24bf5
2026-04-23 23:58:23.000 UTC,0x5fe38f0ba07b3f71c568eeeee8d8a6b4f90e25e9aabf8a1261ae15c2e09ae0ad,NFT,0x510a4a6f83e26327f0ef51f6766b7a3602c9dfe5,0x00005ea00ac477b1030ce78506496e8c2de24bf5
2026-04-23 23:58:23.000 UTC,0x2c4a1f42caf47cb7cebd993c11d3279423729b2e33d7a980bd75a24ccbb8b93e,NFT,0x8d993c3d60cf96dfbfe08bb721c05dba54968a68,0x00005ea00ac477b1030ce78506496e8c2de24bf5
2026-04-23 23:58:23.000 UTC,0x3a881c983c7367ecd4761f6595625325660a11f292378f4400044407ebd13e3e,NFT,0x64cbdfe99c2d20d81abc639f1386f390343b2de4,0x00005ea00ac477b1030ce78506496e8c2de24bf5
2026-04-23 23:58:35.000 UTC,0x7d9e22f1ce9145d37177d98ee837dd6bfa8b7b4c7262103ab81a2a33c407674f,NFT,0x4b6d2597ad515d533227e60ca3dff78cf3db6f36,0x00005ea00ac477b1030ce78506496e8c2de24bf5
2026-04-23 23:58:35.000 UTC,0x96fc5231b3c47e547354827b56f9a9d6f43f59b0f83c48413ede54a0fc1a4570,NFT,0x767ff494266334063211cc4ea2bada6e7268a00b,0x00005ea00ac477b1030ce78506496e8c2de24bf5
2026-04-23 23:58:35.000 UTC,0x0d341e44ba78681608afe7afa7200e048625eafe907fcb937f77527c82315776,NFT,0x7a48de89d1065960b882da867fdb42bd79f7710a,0x00005ea00ac477b1030ce78506496e8c2de24bf5
2026-04-23 23:58:35.000 UTC,0xc0374c74c95d66d7aad25c487f7c48fc988c62a82513bf8908913b78c2792087,NFT,0xa098045fd9581f645d02fc0091033e47ab3ec89e,0x00005ea00ac477b1030ce78506496e8c2de24bf5
2026-04-23 23:58:35.000 UTC,0x671982eb5b54f20c1e69db6206a6b3e5c52f70a367d654992cae5a2e360ea8e5,NFT,0x6d8c4cef3384e643134d1fc7d1c3b6d52dd7b46d,0x00005ea00ac477b1030ce78506496e8c2de24bf5
2026-04-23 23:58:35.000 UTC,0x04c81151f8091e1140b256db3e684bfdc6e889194ecfcd55df7f02520bb5547d,NFT,0x820add07d951efc3167c6677b9af23c6c0956d78,0x00005ea00ac477b1030ce78506496e8c2de24bf5
2026-04-23 23:58:35.000 UTC,0x8445d47fb03de7e8bd88e09956133123e0f9514ecd00ba54300bc93415d7cb28,NFT,0xc85af3495b9a22607fe98e155fb7e638175326ce,0x00005ea00ac477b1030ce78506496e8c2de24bf5
2026-04-23 23:58:47.000 UTC,0xa31fd1f8727f2b3c8109bc77a8b6c5b7a1d0e09a3854c948585027fc761ae869,NFT,0x946b8e47be5884fccbcb4cb6952f313cf8701289,0x00005ea00ac477b1030ce78506496e8c2de24bf5
2026-04-23 23:58:47.000 UTC,0x36f183c379a0461aa33c2506a5154e74d7f64f4818e6f966469c21e1b98087bc,NFT,0xee6d96f5cc8733f5b7267071cf3906d847d9312d,0x00005ea00ac477b1030ce78506496e8c2de24bf5
2026-04-23 23:58:59.000 UTC,0x6f11cb90a3588d1a613c1436d9687732e44cdedfd10967c87fe680e565421e0a,NFT,0x414826beb718f2b204bca67b949604bdc739fcba,0x00005ea00ac477b1030ce78506496e8c2de24bf5
2026-04-23 23:59:11.000 UTC,0x7be0a126c3441b556b2aba2228bf0190733d070cec52da89a7fec60602514bc2,NFT,0x4a0d181d3463686aaf127312a6e5432804bf944f,0x00005ea00ac477b1030ce78506496e8c2de24bf5
2026-04-23 23:59:11.000 UTC,0x5147ee3b8d8ad7cb16c00a5b4d50543db60cdecbb9ea9f656a184e8001fb3bb8,NFT,0x758736efb338ad018e2708cc575bf863b13578ce,0x00005ea00ac477b1030ce78506496e8c2de24bf5
2026-04-23 23:59:11.000 UTC,0x4a53faa310a50fefc0ed17a460ed3687252edc5aae3b293e4198132778e0d972,NFT,0x702fa6d551a9075d13aa8bcee61c1d7be5e6e6f8,0x00005ea00ac477b1030ce78506496e8c2de24bf5
2026-04-23 23:59:11.000 UTC,0x8c19bef5cbe916a6be5f3e018fe39515637b1e2dc892fa202c5195b41009ecd4,NFT,0xa557da13079f3d6a67ee9a629d29c05f1258cd8c,0x00005ea00ac477b1030ce78506496e8c2de24bf5
2026-04-23 23:59:11.000 UTC,0x82a1c84df3209af4911a9d0d8113e698730b5b17d2513e30b7c759dc83b6ce12,NFT,0x9b4c71dc5f864fdde2b30cfc938da62610940355,0x00005ea00ac477b1030ce78506496e8c2de24bf5
2026-04-23 23:59:11.000 UTC,0x9b934809d7790c42f2daa0550b4f68918de3c18fa7fb95879664556c42ee476d,NFT,0x0dfc3bdb098d0d592b86ea7da3d908f7280f9c54,0x00005ea00ac477b1030ce78506496e8c2de24bf5
2026-04-23 23:59:11.000 UTC,0xd7fdde7ac667f70846d20639cb43bed459ecfdf782447c7e23dfbbf023ec148f,NFT,0x9e3dd04f5b80d192169925261284aed753ce0dc6,0x00005ea00ac477b1030ce78506496e8c2de24bf5
2026-04-23 23:59:11.000 UTC,0x4c656583d1b8a937d16aa8769d4a5b30b3971bda4eb2ab6ac994081d2f57e24b,NFT,0xb5e519e0028c1a18191eb69b6a913827a5fea617,0x00005ea00ac477b1030ce78506496e8c2de24bf5
2026-04-23 23:59:11.000 UTC,0x1f59277dd5b61ac36f50d7515b2d64b307af55abf8c0dcd91ba65208a527f7b7,NFT,0x5c9b594a5f65611a0a16715ff51d156929f6931c,0x00005ea00ac477b1030ce78506496e8c2de24bf5
2026-04-23 23:59:23.000 UTC,0x9feabd7f2d6b5e2783ae700c7116dc088c76694b4d5e003347d5b273b56fef7b,NFT,0x677f97add177e48309363a1152150ea14fb21823,0x00005ea00ac477b1030ce78506496e8c2de24bf5
2026-04-23 23:59:23.000 UTC,0xf9e3477bed4f2eb7adf230a976e4ec01c5ecf6ccd9eedead9c67b5d303505cf5,NFT,0xecc5a5ce08f1f54330d5a108de6a14eb36c1f85a,0x00005ea00ac477b1030ce78506496e8c2de24bf5
2026-04-23 23:59:23.000 UTC,0x2df64e94600faf612365465b8a3bd2b8adb50f4e36adaeaee92cbe78b77e6fc1,NFT,0xa92124622bba8fa904e3e9095e4fd32d3092d25c,0x00005ea00ac477b1030ce78506496e8c2de24bf5
2026-04-23 23:59:23.000 UTC,0x69b9b2fce2454a10ebc982816da2f26b6eae8e7fdd0d2d969df771461115f22a,NFT,0xc276a43446ae00584aa681c8875fb1c3668f63a7,0x00005ea00ac477b1030ce78506496e8c2de24bf5
2026-04-23 23:59:23.000 UTC,0x6e21a66ae34ba7d2ca266f1478ae348e36aed5fbb4a32b8247592ef6df1ade52,NFT,0x538beae2e502bfd4fdaaf058a29409b60c863657,0x00005ea00ac477b1030ce78506496e8c2de24bf5
2026-04-23 23:59:23.000 UTC,0xeef7e4f0cce79d666bab6bdc1760d20b550faee54728b5429b08879dd6a49a19,NFT,0xc8b1b1303e99662042594800c110f494253bc948,0x00005ea00ac477b1030ce78506496e8c2de24bf5
2026-04-23 23:59:23.000 UTC,0x73f9bb1457c5fcde29883883a09dee45258c2762fafe26f45d1e84d9f198c399,NFT,0x28a15915df42182931815e85cef6fbf8d928451c,0x00005ea00ac477b1030ce78506496e8c2de24bf5
2026-04-23 23:59:23.000 UTC,0xdc86af4a05a012d2ef46cfd1dc8715f1516dda7478593beb5cc3db02abee5c8c,NFT,0x7357e336eeb1645dc2c21b5d886b41b0928630c8,0x00005ea00ac477b1030ce78506496e8c2de24bf5
2026-04-23 23:59:23.000 UTC,0x7379b5309f05a5a26bc724912c36e01f690a464fc12fda95e81b23ec812a3f80,NFT,0x6b917becb9e12adcdf86b6443d3a412adfb00dfb,0x00005ea00ac477b1030ce78506496e8c2de24bf5
2026-04-23 23:59:23.000 UTC,0x4f60a30858772cbd6dd711fcc11254cf3a10af947162766ecb1b440b6fd20fd8,NFT,0x0d3bc562193bc496a5c93b0724f612b6a86228ce,0x00005ea00ac477b1030ce78506496e8c2de24bf5
2026-04-23 23:59:23.000 UTC,0x8d2efd8d3d9629f994174c7061b169bd746ec9888c9ba12b773dc93887b76ab8,NFT,0x405c93f5c967e81d4ed58bc02fd6dc24a75337ad,0x00005ea00ac477b1030ce78506496e8c2de24bf5
2026-04-23 23:59:23.000 UTC,0x46246ef266bc341e0e279126a2ecdfd676348ba43281165f42acaebd34191557,NFT,0x5b36f84ba0c17e96d241b31b06f6a1e181870723,0x00005ea00ac477b1030ce78506496e8c2de24bf5
2026-04-23 23:59:23.000 UTC,0x3931f3a59dfdbdd5fc7938db8d628f6108b9dd8d7675439418db0a0aa502cef1,NFT,0x8615da59da95679dbd7e619a726c93eca12a881f,0x00005ea00ac477b1030ce78506496e8c2de24bf5
2026-04-23 23:59:23.000 UTC,0xf2bae10e3377819bd3048da31c811a7b6305739f8ab4172325c0c88d24d0fb9f,NFT,0xc848860b09dc8ad9e2f23a4b3a565539639d7fd6,0x00005ea00ac477b1030ce78506496e8c2de24bf5
2026-04-23 23:59:23.000 UTC,0x756891c7242e2fefecb8dd115fc3287151c166f41234f9f76bb52c535d23315d,NFT,0x1edbf399747feef8192bf4ac560c01770a58e28b,0x00005ea00ac477b1030ce78506496e8c2de24bf5
2026-04-23 23:59:23.000 UTC,0x6cfca3cd790fe8263b15cf8e3f38f3efa74373cdbbc196eecb8aab57c6852622,NFT,0x13d7f08dfcad103dffe0ac02e2c4d95a5b5865a6,0x00005ea00ac477b1030ce78506496e8c2de24bf5
2026-04-23 23:59:23.000 UTC,0x35576d9b3dc55ec2c85c751c95ea12c0c0fcf29e99c0c1f7168549e398eb5de3,NFT,0x310e1b1cfd0265080e1b4c97bbf2797051766b42,0x00005ea00ac477b1030ce78506496e8c2de24bf5
2026-04-23 23:59:23.000 UTC,0xabdc25ead889c22a2e456f1f03716a7a1c8b6303148b0b9b474fe7d2f040e271,NFT,0x26f4d33277b39a0e5d7d561266ed00d6d0dbf385,0x00005ea00ac477b1030ce78506496e8c2de24bf5
2026-04-23 23:59:23.000 UTC,0x93a6ee11e743b31ce45e12ea3355c7b334dc8c3a2486de278e30efc63354d080,NFT,0xfd01e00258c4ddaaa63d74a458e93b02f532b2d3,0x00005ea00ac477b1030ce78506496e8c2de24bf5
2026-04-23 23:59:23.000 UTC,0x5f5560374740efac461c2bc357eb95edf50f613b0e903bb132ddb13e5e215b0a,NFT,0x9bba7d463ae0a2a3ef23b94cbc811f63d9f915a9,0x00005ea00ac477b1030ce78506496e8c2de24bf5
2026-04-23 23:59:23.000 UTC,0xbc340648c315fc8c289c9512a08076de79be57aa0fae3e032658464635787669,NFT,0xdcc2c4f9d8f3a988583859455764511f4881400e,0x00005ea00ac477b1030ce78506496e8c2de24bf5
2026-04-23 23:59:23.000 UTC,0xd3837fc6f230763ecc794025eb4d29bf0766873663b5e27f973e715a377d3f9a,NFT,0x957e4629423c37e6a35631ad10c4132e47c1d17f,0x00005ea00ac477b1030ce78506496e8c2de24bf5
2026-04-23 23:59:23.000 UTC,0x13b0344f69723371c4f69dd4632a06b48744854ff9da18378ecde47a13cfcf97,NFT,0x139e734ee17dfc671ebbcba8dfe37fa5d9c30cf7,0x00005ea00ac477b1030ce78506496e8c2de24bf5
2026-04-23 23:59:35.000 UTC,0xada30eb0387188f66090ac9b08ee2112e6ad9a86ac500d8194c71a9e1db2c397,NFT,0xb803ab63d2632c409d828302da7c1900c4734d98,0x00005ea00ac477b1030ce78506496e8c2de24bf5
2026-04-23 23:59:35.000 UTC,0x0a907f572c2a78cb4d018734784147df3788b4ce11970bfa9c3f2031a1ac64d4,NFT,0x36e1e99b9dbfc1a1997853a1abc521cf675f1592,0x00005ea00ac477b1030ce78506496e8c2de24bf5
2026-04-23 23:59:35.000 UTC,0x4af7458cd32c77a0bfc0980372cc37683690e423c923ef9369422657746a3d5d,NFT,0xe4ef82b32a91d4ec36d05fef6dff6f8f979ec2c7,0x00005ea00ac477b1030ce78506496e8c2de24bf5
2026-04-23 23:59:35.000 UTC,0xf0911835b130fe8dd701dd49ac7106b5f6a1a1555d41bc115086b1578c5f0473,NFT,0xbb3b9e52bd502f6f27210ed6c24328d621d82818,0x00005ea00ac477b1030ce78506496e8c2de24bf5
2026-04-23 23:59:35.000 UTC,0x8ab27555ee9e5d4bcf1253fe85dd5e010c97758d7383c7aa3b4865bcd9db77f9,NFT,0x81bf14718cfe7638c112bbc74e57869243f369a0,0x00005ea00ac477b1030ce78506496e8c2de24bf5
2026-04-23 23:59:35.000 UTC,0xab047913884ecca963a38b7366f218a04ebd086c05375dad343ba10a2faf2652,NFT,0xce1291434737cf44e87c03c60715330372c23da8,0x00005ea00ac477b1030ce78506496e8c2de24bf5
2026-04-23 23:59:35.000 UTC,0xcb91e5756a229f328fa136fedca138e489103b5626594626e21a6b4622610f2f,NFT,0x8a5d282887251bc815a9854eb6f38d6ebedec2c5,0x00005ea00ac477b1030ce78506496e8c2de24bf5
2026-04-23 23:59:35.000 UTC,0xd4e23a5b2a34222e905e6688772bdaccbe6afb9bd6facfa1e64b1ab8e768d88f,NFT,0x43078ac51b5206f9003602a894b1b5d12d9fa7cc,0x00005ea00ac477b1030ce78506496e8c2de24bf5
2026-04-23 23:59:35.000 UTC,0xb051a83d4f3c682838e5d063fccec8885a551938d55a62a272b8893bdc243a1c,NFT,0xfda61a14a038022ea5982de2f04cb812daff1c41,0x00005ea00ac477b1030ce78506496e8c2de24bf5
2026-04-23 23:59:35.000 UTC,0x8c601d15cb43854f3cc98b19eb7901bdffc612c9d3dba00082647c2b904d8da9,NFT,0x62f46d174f7671fa11cf64e2a2001802ef8216c9,0x00005ea00ac477b1030ce78506496e8c2de24bf5
2026-04-23 23:59:35.000 UTC,0x67f462973d9bdbf70b4df53bfb22cf59d01dac87d3f0c81f00741c53c9601ca4,NFT,0xd9aceee06cf8d065e69ed862a3efd5b7631b2d05,0x00005ea00ac477b1030ce78506496e8c2de24bf5
2026-04-23 23:59:35.000 UTC,0x8a3582abeb5e14af880a05062095b2d7d4e1cf08b06e4c35ec6cfe57038cea51,NFT,0xe5029c420260a621be39131a80c1e63759bb89a6,0x00005ea00ac477b1030ce78506496e8c2de24bf5
2026-04-23 23:59:35.000 UTC,0x686c858f84cbaf5d8d70a42c8a0f6025365d62f5e7b8a9e8944fe8a9d5dbe364,NFT,0x0dd0f73fd1a4b64bca415eb6965d69076c81e9df,0x00005ea00ac477b1030ce78506496e8c2de24bf5
2026-04-23 23:59:35.000 UTC,0xa2f1b20b3fa9033ced9704912697474c990540028ef0f004545b6c064ebacd95,NFT,0x398fd4356446c7bd0ad5b7e348a27c09eeec2307,0x00005ea00ac477b1030ce78506496e8c2de24bf5
2026-04-23 23:59:35.000 UTC,0x00bf655160d6d3d61f9c84863395be0957091d6229ce7bc075c4e8b42056321b,NFT,0x1d3145a28c768eef7a6c4e996e88f3fbc0d74cb5,0x00005ea00ac477b1030ce78506496e8c2de24bf5
2026-04-23 23:59:35.000 UTC,0x492c296c64873a72929ff154a67edbd1b48c93c8576d91bd21a7257fd33b70c5,NFT,0x55ee61aacb6e133ee886382c8050722f55291018,0x00005ea00ac477b1030ce78506496e8c2de24bf5
2026-04-23 23:59:35.000 UTC,0x11188ba75c21d67f9ffbf2a0bc013582fb5841ad813a455d3cc372105eaf91f1,NFT,0x4dfd417965232cc3e75b27a1ecf6ee79e05c8d32,0x00005ea00ac477b1030ce78506496e8c2de24bf5
2026-04-23 23:59:35.000 UTC,0xaee456854a83c3c775b9715033ca6037ae1e416af742ef9fdf52c9ec78b88c2a,NFT,0xaf3fc03388dba4769c21350c6ce05d9da1455989,0x00005ea00ac477b1030ce78506496e8c2de24bf5
2026-04-23 23:59:35.000 UTC,0xe6dceba6cb96b20012346eb722502d28253cc3b34e687793fc4f3525f4fa6697,NFT,0x3e919be3e503eaf766f291a3999acd3071c06ac4,0x00005ea00ac477b1030ce78506496e8c2de24bf5
2026-04-23 23:59:35.000 UTC,0x52e57d2ac88046cd15ef39df74425478ef1a7fe71845295f74fc4195f7549548,NFT,0xdd83ee40ecc25b5bccf9e798200669e97e51a419,0x00005ea00ac477b1030ce78506496e8c2de24bf5
2026-04-23 23:59:35.000 UTC,0x28f58c167241e8d7937f043bb849a75ef9573bc75cd88c9b816dc0565ae9dc0d,NFT,0x26abaa9711bae506fb088205cac854e9360edee4,0x00005ea00ac477b1030ce78506496e8c2de24bf5
2026-04-23 23:59:35.000 UTC,0x2a7eeacb92121ef7000757a78526bca94707a089c0ac746c02e93d9fb29bf9dc,NFT,0xbdc57192eadcc43cc11aa7900eaefdc6862eca69,0x00005ea00ac477b1030ce78506496e8c2de24bf5
2026-04-23 23:59:47.000 UTC,0x3447b680143839013d2241cc8ee2944a8a2f4f77ffd83c67b1cfa93e68028c15,NFT,0x47294d99e7193b2321892a1c43927f986e619f07,0x00005ea00ac477b1030ce78506496e8c2de24bf5
2026-04-23 23:59:47.000 UTC,0xfa9748f96d664eee03c48401bf237b65bfc9827d6e67de49b4edccbdddb07a22,NFT,0xc329c3e753f502bf0bd8d456fff5e1ae63a49b5b,0x00005ea00ac477b1030ce78506496e8c2de24bf5
2026-04-23 23:59:47.000 UTC,0x94e77100f71f8dbb8b080f8580858375d205ac84fafab8353be4740fea98d84e,NFT,0xe591394f45a8f30f95c2567a9e5fc5dc1455e9f9,0x00005ea00ac477b1030ce78506496e8c2de24bf5
2026-04-23 23:59:47.000 UTC,0xa96940ee58348469108175b788aa956cfd614fc3c14bf86431f5d3429594107d,NFT,0xf3920111475ffe676a6e998d1876f73b6245c2c0,0x00005ea00ac477b1030ce78506496e8c2de24bf5
2026-04-23 23:59:47.000 UTC,0x27254e7823e7cc3da6712ff8c86feb8f20d9ad1104ebf508a40c6abc3463224f,NFT,0xd66269281f76070f141f8446afb6610ac9feb401,0x00005ea00ac477b1030ce78506496e8c2de24bf5
2026-04-23 23:59:47.000 UTC,0x37c27d89a48309236bb97bd79909e854470bf39d81b04d0f1c5f1a28d10f0626,NFT,0xcdcb606fbe6edee56ec7a1df262cf7a9b9f3ff94,0x00005ea00ac477b1030ce78506496e8c2de24bf5
2026-04-23 23:59:47.000 UTC,0xbe6cf6baf4835b24d76aa392c2fca45c8daa740705978b3e6556a7884591d356,NFT,0x531e2b264e3b801bdd2527f9cfedc309957bfe7c,0x00005ea00ac477b1030ce78506496e8c2de24bf5
2026-04-24 00:00:35.000 UTC,0x7574f19fdfcdb8e452adb398aa1d172526b551e84d67365e95c6f1565032e086,NFT,0x8c451b9d71cfbf83aba1ca52c8eb48fbe29699c3,0x00005ea00ac477b1030ce78506496e8c2de24bf5
2026-04-24 00:00:35.000 UTC,0x8132f7f8c045e056f7e4eeee74261d2427577216b5792cb224dac6f0400f7268,NFT,0x0ecefb7a184155062890e3da93a22aa5ef297013,0x00005ea00ac477b1030ce78506496e8c2de24bf5
2026-04-24 00:00:35.000 UTC,0xb4064d027817796f53a8d30b275ae5381ed82f82f1afa40bd82a8a51c8d3217e,NFT,0xc3bfdcc3605dc7626fa6e3b2386ed91cb0a10926,0x00005ea00ac477b1030ce78506496e8c2de24bf5
2026-04-24 00:32:47.000 UTC,0xf832512f8d590d3015dad834d6d13320eb676f1394d5c822a28297ce97d0716a,NFT,0xb7f0c1251598f275abbeb32ca5c8068dbdb7d62e,0x00005ea00ac477b1030ce78506496e8c2de24bf5
2026-04-24 00:46:35.000 UTC,0x41732182550eb1551ed015a17d621b76d607eb384bad1cbec7f89a2116115d03,NFT,0x7037b139426f3292cfdfb5f286ac16a7d4af2bb1,0x00005ea00ac477b1030ce78506496e8c2de24bf5
2026-04-24 00:48:35.000 UTC,0xf35362cceb07f467b20508f7a95d5434b5f3210013dcfae4f2a2b5b5e08107a9,NFT,0xb7f0c1251598f275abbeb32ca5c8068dbdb7d62e,0x00005ea00ac477b1030ce78506496e8c2de24bf5
2026-04-24 00:54:35.000 UTC,0x2fba3ef37c530423691e38fb31e5b30847318cf977c7855be87ad8b51d425205,NFT,0xb7f0c1251598f275abbeb32ca5c8068dbdb7d62e,0x00005ea00ac477b1030ce78506496e8c2de24bf5
2026-04-24 01:07:23.000 UTC,0x2aa87a7b75d6ea824b87bc66eccd33564d37d18149795d89930ac654b95ca188,NFT,0x2dc10bdce9a054e4323bfa88295867f49e2901b7,0x00005ea00ac477b1030ce78506496e8c2de24bf5
2026-04-24 01:17:47.000 UTC,0xcca44c4abe88bd21f344d85b6da69e6cf32e8f9a2f4c1d4fa78268ba33d721d0,NFT,0x3c2d71b48832e682f539733cc286f08c34e4ef54,0x00005ea00ac477b1030ce78506496e8c2de24bf5
2026-04-24 01:19:11.000 UTC,0x99263357174eea6f3a1ed9b9e060857625ccf334bd69790144266733339d2273,NFT,0x25d28d91b2d1a1728d911dc8b0fe44c91330a1a6,0x00005ea00ac477b1030ce78506496e8c2de24bf5
2026-04-24 01:19:23.000 UTC,0xe2a8a89d481f0d7cf834cbd7300ca501fe535e0d1819b00964c278025e4d967a,NFT,0x0e41d9c70c1ba9f7b375f26fad182dda9256bccb,0x00005ea00ac477b1030ce78506496e8c2de24bf5
2026-04-24 01:48:59.000 UTC,0x1ff4fa3b852e6317540748919040418f6c59ac47a9affe3279113ec1ed25b829,NFT,0x25db358bc61676e099f2f432e6ede38194171df6,0x00005ea00ac477b1030ce78506496e8c2de24bf5
2026-04-24 02:03:35.000 UTC,0xdd277f81414f6dd2e169a6b6ecf755760631d8c066ce45b0d7b4fbccfde7ae5d,NFT,0x72cbd026de1275907e1934eb2196475548f29478,0x00005ea00ac477b1030ce78506496e8c2de24bf5
2026-04-24 02:05:23.000 UTC,0x08af141c709463eb4088dab3d7b0b8dd0446ba652b447904ade1a822df5589d6,NFT,0x72cbd026de1275907e1934eb2196475548f29478,0x00005ea00ac477b1030ce78506496e8c2de24bf5
2026-04-24 02:29:23.000 UTC,0x446e7a35078a6e72d58ce9c980a1dda8c0b0170af2d163591628a4de36a012fa,NFT,0xa80eeb6518975803e512c02760eb86ed62e1d256,0x00005ea00ac477b1030ce78506496e8c2de24bf5
2026-04-24 02:38:47.000 UTC,0x8a74fa69b8924b507de843145be5b3ccd8771d359ef51a9f4d87d3e5df33b956,NFT,0xf5be586ed8de5c632bd2dafe328ed2582491e18e,0x00005ea00ac477b1030ce78506496e8c2de24bf5
2026-04-24 02:41:23.000 UTC,0xba2b8d61c28d449055f902349bfd3b9948f2e44bbd54bfef55d8f3ab93b3791b,NFT,0x36b892f74d7166aa953989b07560c4beea024203,0x00005ea00ac477b1030ce78506496e8c2de24bf5
2026-04-24 02:45:11.000 UTC,0x727ff95c75b9b395999a1ebae35dbb28f2462ea80a6804633902df842b79ec1c,NFT,0x36b892f74d7166aa953989b07560c4beea024203,0x00005ea00ac477b1030ce78506496e8c2de24bf5
2026-04-24 02:46:59.000 UTC,0x44caba5d5399b1aa316fe7651ee75e5e2577b3de6ed21c06bc70e28b3621bdfc,NFT,0x36b892f74d7166aa953989b07560c4beea024203,0x00005ea00ac477b1030ce78506496e8c2de24bf5
2026-04-24 02:49:47.000 UTC,0x41e6149ad8f2f5783f7eab1b95be64a8fd201b6429e9154431199e015b0450f6,NFT,0x77c2642d2c3b0226a4528e65c6cbee5f2f5b22a5,0x00005ea00ac477b1030ce78506496e8c2de24bf5
2026-04-24 02:55:11.000 UTC,0xed3c1b5cb677d1865b3610cc1531d615a895aef2e583668e8d79690ff2a01fa0,NFT,0xd6207172ebdc296dd33321d21f08adc4c6dab685,0x00005ea00ac477b1030ce78506496e8c2de24bf5
2026-04-24 02:58:35.000 UTC,0x325a7c30fb40a4588349acaf54e634a30750ea81889f8e86f5aefe4b8e70e320,NFT,0x6b8c0d36ef9d62cefccdb1f39d9c04180ead0442,0x00005ea00ac477b1030ce78506496e8c2de24bf5
2026-04-24 03:01:11.000 UTC,0xd7dd5df702ff6c51644fa1dd318afe0dc4e3ebe8dfe3ad1ec1a2ec5ddc4a8f5b,NFT,0xb7f0c1251598f275abbeb32ca5c8068dbdb7d62e,0x00005ea00ac477b1030ce78506496e8c2de24bf5
2026-04-24 03:08:23.000 UTC,0xc7f043d82d30742b7acfce385a6e94089c9ff09b8a5272478b9f27c7e3e24ced,NFT,0x9cc1d2625914ee9b613c9a96e1ae9ba591ef75e2,0x00005ea00ac477b1030ce78506496e8c2de24bf5
2026-04-24 03:16:59.000 UTC,0x7e2b188c5006d5512edb2a7b2032ad903121573b65c564f1afc738e0db155c9d,NFT,0x133295554c951567a4322d5e38d2f9aba0f8df76,0x00005ea00ac477b1030ce78506496e8c2de24bf5
2026-04-24 03:16:59.000 UTC,0x633d0edb2f51b395d1445ab33ae3c4a42c0e05dd219f88437402c7394bc3f2ba,NFT,0x9cdfeeb7fcd23d0062708a2f07a79fd87bd761da,0x00005ea00ac477b1030ce78506496e8c2de24bf5
2026-04-24 03:35:11.000 UTC,0x3c7ff7948e9a8c4cb321582a2ab2d9d85ae5239f0186bc0bce177b79c8d0674c,NFT,0x457816bde7c9a38d7960317f91107aef81ee8467,0x00005ea00ac477b1030ce78506496e8c2de24bf5
2026-04-24 03:37:47.000 UTC,0x5a1d2b39c7727c561df2e80cffe00a7fe700117001fc30e3d677d8e0fdcdfd40,NFT,0xcf09a4daddebb5d12cb933f9b8fca25f99c815d2,0x00005ea00ac477b1030ce78506496e8c2de24bf5
2026-04-24 03:43:35.000 UTC,0x576e7444422835eff1945f9fd880f42a00ad1ef354cdb1dedf0ba77ae982963c,NFT,0x9cdfeeb7fcd23d0062708a2f07a79fd87bd761da,0x00005ea00ac477b1030ce78506496e8c2de24bf5
2026-04-24 03:50:47.000 UTC,0xdfd97f3fa7692affcd62f61315dfd203de5cf17918585c408e3b56a570d722ce,NFT,0xd09f83c06d92b3040a3ba83ac9155a72509ee467,0x00005ea00ac477b1030ce78506496e8c2de24bf5
2026-04-24 04:02:35.000 UTC,0x726984079ee2ea2397c18c9a9159f1f9590e517a2b6be2485e4802e22e8553db,NFT,0x56d96a28347c96d4eaea137df2a335f79f283884,0x00005ea00ac477b1030ce78506496e8c2de24bf5
2026-04-24 04:08:11.000 UTC,0x14728f3e07c9553c485f840c3e2b8c0c0bfb26b4543b45056dd17b3967edbb31,NFT,0x682d77ccaa4e53461bb628576c3b0fb2bcc78089,0x00005ea00ac477b1030ce78506496e8c2de24bf5
2026-04-24 04:10:23.000 UTC,0x554b1ab19f9026e4ed144d9dd4d871fc0ed5dc60a54480eaf63b7c0748e484aa,NFT,0x682d77ccaa4e53461bb628576c3b0fb2bcc78089,0x00005ea00ac477b1030ce78506496e8c2de24bf5
2026-04-24 04:15:59.000 UTC,0x07cac9223a90589d6cbae1a3e6fd5b7035dc69fc6c491d9a0991c05b5b35ac67,NFT,0x1d2de082a7d68eec62817596a96a0d2a808e304d,0x00005ea00ac477b1030ce78506496e8c2de24bf5
2026-04-24 04:16:23.000 UTC,0x9dfc9b5ee5b07aa6e2ab81387ba55d5344e2de18fcb21e15929e151cc6d97f36,NFT,0xefb32bad5b02701ddd00df3018a36173a9c9fdbf,0x00005ea00ac477b1030ce78506496e8c2de24bf5
2026-04-24 04:17:59.000 UTC,0x6233d67cb8802f0e131c670bebf5fe0bc0ad80c9984717e498193ee16cee1f37,NFT,0x8a05367177a3d018e5ff5970f37043e48911de9c,0x00005ea00ac477b1030ce78506496e8c2de24bf5
2026-04-24 04:17:59.000 UTC,0x25273761155dcf9d49606fc03b1714f378293b62af81957068e97b40df3166cc,NFT,0xfbc702263253dcc018f2945a0bd2c56db59a131b,0x00005ea00ac477b1030ce78506496e8c2de24bf5
2026-04-24 04:17:59.000 UTC,0xe827dd2ac58ecc26f656a9a928a8a0794949f60ba62d4a1666596ba6ec74df5d,NFT,0xc2784b279c9a1df39e6a4cbb5b986311a85ff6d8,0x00005ea00ac477b1030ce78506496e8c2de24bf5
2026-04-24 04:27:59.000 UTC,0x1c151e6d0846f8b7d31a77bf253a16b8b937c3c3b85a1dfb434728b42021b886,MEV,0x432b2000433a73d0aee984cd22eb47f4208a529f,0x3328f7f4a1d1c57c35df56bbf0c9dcafca309c49
2026-04-24 04:28:11.000 UTC,0xb23b2474733fdd5674ced5cbc6e15002420d14b1ab8bdc79d2b33d4e80b8f961,MEV,0xccbd48e9ecfedd15165c3c6e517e5347593bb805,0x3328f7f4a1d1c57c35df56bbf0c9dcafca309c49
2026-04-24 04:28:35.000 UTC,0x2098a9951ecc0246d2c765124adbb245605fb1a635cd8f5a00726d2634936639,MEV,0xd29c5b4ad9d721996d0c30c3daf65a74c75598e0,0x3328f7f4a1d1c57c35df56bbf0c9dcafca309c49
2026-04-24 04:28:47.000 UTC,0x8a435bbb1103d6ab9d18b5f31b2bb61e13e65d22c2706e6a95c119c8ec6005f8,MEV,0x40c61d3ce6a31c3ab0e507044aa282e90744a814,0x3328f7f4a1d1c57c35df56bbf0c9dcafca309c49
2026-04-24 04:28:59.000 UTC,0xd3e9a62384b8436505e027a53118483ca58ffc551da1849c5989ac71f55fff05,MEV,0x09d390a4d12aab17020d417cdbe7979e63927495,0x3328f7f4a1d1c57c35df56bbf0c9dcafca309c49
2026-04-24 04:29:11.000 UTC,0x5828cc846564fba6a90b49a52b23d6bfeacfecb7723a535bb92fdc38e86c2ae4,MEV,0x36aee1d1e937bd719ae0524522fac570d0233686,0x3328f7f4a1d1c57c35df56bbf0c9dcafca309c49
2026-04-24 04:29:11.000 UTC,0xfa3cf1b94aff4fe8bbab76760a542204dba2804f82165ffd9c3603cec5d54cc4,MEV,0xdfefa7bf8469cae73d4bbe778bced64bd5b7857c,0x3328f7f4a1d1c57c35df56bbf0c9dcafca309c49
2026-04-24 04:29:23.000 UTC,0x2ec0fe9f2997a53731eb5374833a0480c5d331f494d79e34b28ea0ff516e31e2,MEV,0x09d390a4d12aab17020d417cdbe7979e63927495,0x3328f7f4a1d1c57c35df56bbf0c9dcafca309c49
2026-04-24 04:29:35.000 UTC,0x57cba75182ff35809abdd417ea2e1ed90e2fad65a817520cb16fa4a7af4b1b49,MEV,0xe92380c0f22c5cc8c43b5ca176166dcd5d251a2c,0x3328f7f4a1d1c57c35df56bbf0c9dcafca309c49
2026-04-24 04:29:47.000 UTC,0xfdacfab523e34c8f3ab3ad2830f02dbdfd4d1558b723fbf6eee780b352a8bbf9,MEV,0xe92380c0f22c5cc8c43b5ca176166dcd5d251a2c,0x3328f7f4a1d1c57c35df56bbf0c9dcafca309c49
2026-04-24 04:30:11.000 UTC,0x7817d2cfcfdbc29a1d8a83176dc37286d5ca7c57fc1f0fe9e6a6cb49f451d7c2,MEV,0xe92380c0f22c5cc8c43b5ca176166dcd5d251a2c,0x3328f7f4a1d1c57c35df56bbf0c9dcafca309c49
2026-04-24 04:30:23.000 UTC,0x99c8b65f3f94ac96d8df2746f3ab63e81c5fe7e823c4227b75bcc7b64b7d4f7a,MEV,0xbe5e57d9c36fcf4412485d8b784f84dcef56fc30,0x3328f7f4a1d1c57c35df56bbf0c9dcafca309c49
2026-04-24 04:30:59.000 UTC,0x3627fa498442e3964c792c81c0cb8597bf3a03a31af5e4c18a63718af5616563,MEV,0xbe5e57d9c36fcf4412485d8b784f84dcef56fc30,0x3328f7f4a1d1c57c35df56bbf0c9dcafca309c49
2026-04-24 04:30:59.000 UTC,0xed4d620ea04a4003870c96dac82451270d044d60ff5e5d2828ec2f880601ab7a,MEV,0xa7cdfc761e0a857720ca55f0cd77d032e893a5e6,0x3328f7f4a1d1c57c35df56bbf0c9dcafca309c49
2026-04-24 04:31:35.000 UTC,0xfbaf3bc0d963a77f062d0063bceb54fe0e5c155b0f6048a5cb8226422f7cc598,NFT,0xe5a8929c08dc8382d9e9f7d3c2f5e122e3e42315,0x00005ea00ac477b1030ce78506496e8c2de24bf5
2026-04-24 04:31:47.000 UTC,0x2330bae3004a2219511ae2590bf413606bc3fa1e34567a1bc025e817da284295,MEV,0xf52555cdbc596bf630c1849de8db20645b416693,0x3328f7f4a1d1c57c35df56bbf0c9dcafca309c49
2026-04-24 04:32:11.000 UTC,0x19c39945882717956c153648733eff80e40c35615219dd034330b1b06aa81de9,MEV,0x2a97bd265b2673a726ada44f5ff16a75269f2855,0x3328f7f4a1d1c57c35df56bbf0c9dcafca309c49
2026-04-24 04:33:35.000 UTC,0xa669993fb7df4f0e7d512aa533708d35b26e8a7d51a851bed05d7e04da1824e3,MEV,0xe6b97c3f46a98e996076313642a1009d2845ef77,0x3328f7f4a1d1c57c35df56bbf0c9dcafca309c49
2026-04-24 04:33:35.000 UTC,0x8f0c351d8fffece4d9a7e25d836064acccbe956a725db66ab6108bd79aaf64aa,MEV,0x71717bc2a7bd4c9788eaabe1fccba104edb3cc98,0x3328f7f4a1d1c57c35df56bbf0c9dcafca309c49
2026-04-24 04:33:47.000 UTC,0x6bea23b8c95d921dd17e78a3c1ee88980e3e7bdc65e761c24dd9643947eb9313,MEV,0x3f10c15514a425f660476a0c949a56a218ef7ed4,0x3328f7f4a1d1c57c35df56bbf0c9dcafca309c49
2026-04-24 04:34:11.000 UTC,0x717ce1f0fa1fffb45be4a51ff3f36d9605ef3cc1e6693636b40d53bf380cc49d,MEV,0xc9d296ceda38348b6af294aeb4db3894c4e43959,0x3328f7f4a1d1c57c35df56bbf0c9dcafca309c49
2026-04-24 04:34:23.000 UTC,0xc4d0a485bfe08bfd7bbee4e4ffe9cf58d70228680f7b14553f400cc02d97119a,MEV,0x46c5307e916acc6f1e5c0f1adba2e526995c73bd,0x3328f7f4a1d1c57c35df56bbf0c9dcafca309c49
2026-04-24 04:34:23.000 UTC,0xd022407f68915ed462ea8662128c6f62925f3a36b4695863c44f8fe26afa8885,MEV,0x8d5c0fb080f75140244d5526d5515cba2d5f0cc0,0x3328f7f4a1d1c57c35df56bbf0c9dcafca309c49
2026-04-24 04:34:23.000 UTC,0x688ccac74bc14a9fba7501da85813a68762b25d1c0208beea5cc8aba5d7e3506,MEV,0xc9d296ceda38348b6af294aeb4db3894c4e43959,0x3328f7f4a1d1c57c35df56bbf0c9dcafca309c49
2026-04-24 04:34:59.000 UTC,0x184ee2470f69ee05d8592978e64866e8b115c096694ff59ce6a4de5b263be5a6,MEV,0x901ad420a2080b10f0fa695f6268ddb48083985e,0x3328f7f4a1d1c57c35df56bbf0c9dcafca309c49
2026-04-24 04:35:11.000 UTC,0x876a6187361bad2a218fda06e031575c047d56848742599d73d63eab897f1f6c,MEV,0xb0cf14222703c6da72c89993fda7d9e5018b0855,0x3328f7f4a1d1c57c35df56bbf0c9dcafca309c49
2026-04-24 04:35:11.000 UTC,0x0d8777fdf0578c6fa7a9e29fd423f435dce82ce6f39cc70d56ba9b36d52970f4,MEV,0xcb4ce655081f706c5145fea5237b01662438b20c,0x3328f7f4a1d1c57c35df56bbf0c9dcafca309c49
2026-04-24 04:35:11.000 UTC,0x8570ac466bf39333483f3eddac30c21729adb7e5faf04432b0c5850a092bd16c,MEV,0x7a9f77627037094dc8a882aa139dc1fcb240008d,0x3328f7f4a1d1c57c35df56bbf0c9dcafca309c49
2026-04-24 04:35:35.000 UTC,0xdd2bb1278322d8e060d0e92dbd9c51b5ff76207cfe0e6f3f683f153926cb7240,MEV,0x3f10c15514a425f660476a0c949a56a218ef7ed4,0x3328f7f4a1d1c57c35df56bbf0c9dcafca309c49
2026-04-24 04:35:47.000 UTC,0xad5fdf4cff7b277299382df94dd2df54406108219ea52d28a13ba20c7e836123,MEV,0xb6031982ec41a2761f9323c1772e05279ecee32b,0x3328f7f4a1d1c57c35df56bbf0c9dcafca309c49
2026-04-24 04:36:35.000 UTC,0xf8985c6c44606359b5ac1680a32af02c68e1091718f18bb0d799c07381b39163,MEV,0xc9d296ceda38348b6af294aeb4db3894c4e43959,0x3328f7f4a1d1c57c35df56bbf0c9dcafca309c49
2026-04-24 04:37:11.000 UTC,0x84acbafa7e405e276442f7f460caffcec7acf4299060515727e03c4a3e0c79b5,MEV,0x0fbad200c8ab024468fcf41179bf74328eadb8b6,0x3328f7f4a1d1c57c35df56bbf0c9dcafca309c49
2026-04-24 04:37:23.000 UTC,0x6a8389d2403dccbac145ed8507aa3f452a50b8d15e2893672796b75c58dc2959,MEV,0xaea7f27ca4a032a01f06fceba39096849076317a,0x3328f7f4a1d1c57c35df56bbf0c9dcafca309c49
2026-04-24 04:37:47.000 UTC,0x2f3a1cc644118322d5c348effc6d53e7ef6c81a325513d23c4deaab8535069fb,MEV,0xaea7f27ca4a032a01f06fceba39096849076317a,0x3328f7f4a1d1c57c35df56bbf0c9dcafca309c49
2026-04-24 04:37:59.000 UTC,0x009d72316c29390bb6cbe1dfe851c89deb6de408972acf7428dc34ae5c29260d,MEV,0xaea7f27ca4a032a01f06fceba39096849076317a,0x3328f7f4a1d1c57c35df56bbf0c9dcafca309c49
2026-04-24 04:38:35.000 UTC,0xc3d5d828a5e35abf5f0f4ef4ec3c8872caba36a06ee718b253046cec27fefa11,MEV,0x058ec4dfc95bab74f5dbe70b254f28486d1ba9aa,0x3328f7f4a1d1c57c35df56bbf0c9dcafca309c49
2026-04-24 04:38:35.000 UTC,0xf9645c1fd1d01519b6a4569fd84c5829d550cc83380021e10c35678019299243,MEV,0x2333f99a98edb7521e1214857811b79f45807e35,0x3328f7f4a1d1c57c35df56bbf0c9dcafca309c49
2026-04-24 04:39:47.000 UTC,0x03f62c3247f5a864741a99df2aee56dc1cb3f2e5d4768ebe4375c63cd99aa252,MEV,0x2333f99a98edb7521e1214857811b79f45807e35,0x3328f7f4a1d1c57c35df56bbf0c9dcafca309c49
2026-04-24 04:40:11.000 UTC,0x1b11ddbcb583525c68b7fd1d382cae67e5a7657f2edc523b71946a22ed94f022,MEV,0xa2e40709f110ba47666ffdaac3dd821d5609d94d,0x3328f7f4a1d1c57c35df56bbf0c9dcafca309c49
2026-04-24 04:40:23.000 UTC,0xd7a99e090eaaca47d2d33ebb7e67bf7b6481861defe0f57d6d34fa8dc19827ea,MEV,0xdf0f1ef01bb8b994efbadec67f1a4eab05651fe7,0x3328f7f4a1d1c57c35df56bbf0c9dcafca309c49
2026-04-24 04:40:47.000 UTC,0x1268500dae0af8c9d267af3b83c9f93211f7be8f99f6c8739364c3119bd69f2d,MEV,0x2333f99a98edb7521e1214857811b79f45807e35,0x3328f7f4a1d1c57c35df56bbf0c9dcafca309c49
2026-04-24 04:41:35.000 UTC,0x6815db3daa49060e0e51dfb356527621fcb673226eecb4ddd0420c0bd1a89139,MEV,0x2333f99a98edb7521e1214857811b79f45807e35,0x3328f7f4a1d1c57c35df56bbf0c9dcafca309c49
2026-04-24 04:41:59.000 UTC,0xefe5f5e766e75053453d6a951e2f7268ae00f128b5343d886a0259158bc32d2d,NFT,0x6968d1921b92696ada756e2984c5ceff69effaf2,0x00005ea00ac477b1030ce78506496e8c2de24bf5
2026-04-24 04:41:59.000 UTC,0xe46d8863ed981300a91f82400f7c0ee0a131eb20db756a48c76ba59f4a56c3a2,MEV,0x0f9d86b552be8aa306142805b09dd63340ecfa20,0x3328f7f4a1d1c57c35df56bbf0c9dcafca309c49
2026-04-24 04:41:59.000 UTC,0x02e4025c1c0d9e2d6d35f9f54230ed631f143e72425a7b0a5986bf11bb739b23,MEV,0xdf0f1ef01bb8b994efbadec67f1a4eab05651fe7,0x3328f7f4a1d1c57c35df56bbf0c9dcafca309c49
2026-04-24 04:41:59.000 UTC,0x67f71814922b0255646692c307b8a399c4a3f1aebd61d8e40df7535d3e49e6b8,MEV,0x2333f99a98edb7521e1214857811b79f45807e35,0x3328f7f4a1d1c57c35df56bbf0c9dcafca309c49
2026-04-24 04:42:11.000 UTC,0xdc17c36bf47acdc6bc1205cf1e399ffe2d9f26e575a97ba48c262db2725fb628,MEV,0xd7b9796786bbcddff223faf4cc3ba6019e634459,0x3328f7f4a1d1c57c35df56bbf0c9dcafca309c49
2026-04-24 04:42:11.000 UTC,0x0a28832afde0087890d5cf096782c5a7115d6cb35e4f092c01744452cc7f9fff,MEV,0x98f11d1fd0ce9593748003f2985e3e1dda14f77a,0x3328f7f4a1d1c57c35df56bbf0c9dcafca309c49
2026-04-24 04:42:23.000 UTC,0x3b85a27e62199c0b2fedc348a5d64627729b07fb9fb8fcbebb3eb30e8f392670,MEV,0x0f9d86b552be8aa306142805b09dd63340ecfa20,0x3328f7f4a1d1c57c35df56bbf0c9dcafca309c49
2026-04-24 04:42:23.000 UTC,0x6fbf7ef35592cec1eee1107e94badccaf08df82f207484eff41d58d15369ea1a,MEV,0x432b2000433a73d0aee984cd22eb47f4208a529f,0x3328f7f4a1d1c57c35df56bbf0c9dcafca309c49
2026-04-24 04:42:23.000 UTC,0xcea938d422136d3cf5cfb4c4c19767de73291120c0d07751cb6deb6b7fe434c2,MEV,0x2333f99a98edb7521e1214857811b79f45807e35,0x3328f7f4a1d1c57c35df56bbf0c9dcafca309c49
2026-04-24 04:42:23.000 UTC,0xed821067d254836dfc60f184f70efa88cb28d02eb542682434acfd6efed76f25,MEV,0x058ec4dfc95bab74f5dbe70b254f28486d1ba9aa,0x3328f7f4a1d1c57c35df56bbf0c9dcafca309c49
2026-04-24 04:42:47.000 UTC,0x704cdf401086af24c9e8dba2924ad836ed73fb5aa29e4c7942bfd356ece40cb0,MEV,0x432b2000433a73d0aee984cd22eb47f4208a529f,0x3328f7f4a1d1c57c35df56bbf0c9dcafca309c49
2026-04-24 04:42:59.000 UTC,0xac36a64b4288288eaaa61f5721c58c5320684e42d6c20ec05bb3c5800fe8ef96,MEV,0x11549bc54ed18e70eceaebd74ce0ba32bfc1a102,0x3328f7f4a1d1c57c35df56bbf0c9dcafca309c49
2026-04-24 04:43:11.000 UTC,0x234ae19c45941f190f6430ca45fd539f50953b22869a1e76102e5f3a563a2fc2,MEV,0x058ec4dfc95bab74f5dbe70b254f28486d1ba9aa,0x3328f7f4a1d1c57c35df56bbf0c9dcafca309c49
2026-04-24 04:43:59.000 UTC,0x65166f43b5f696efced1548299d6368f0827af59a3c5eb3397435abb2aa22da1,MEV,0x2333f99a98edb7521e1214857811b79f45807e35,0x3328f7f4a1d1c57c35df56bbf0c9dcafca309c49
2026-04-24 04:44:11.000 UTC,0x3e29db0a68e991a9fd31f8d881a0304822fdadde8ca33c466c5c39603bb080ad,MEV,0xe6b97c3f46a98e996076313642a1009d2845ef77,0x3328f7f4a1d1c57c35df56bbf0c9dcafca309c49
2026-04-24 04:44:23.000 UTC,0x188ea67a136ca6e47fb39425e4ff28d244022474207c3b1ce736536c2ae2525e,MEV,0x2938552e7ff0d70b017b9e02ef557ace28390144,0x3328f7f4a1d1c57c35df56bbf0c9dcafca309c49
2026-04-24 04:44:23.000 UTC,0xfed8c89f016dab1f4fcc3b52b1809a2f988a5a4f134e407af0d7312532064d33,MEV,0x17412b2b513584c382e4e8dc34fc776a41395636,0x3328f7f4a1d1c57c35df56bbf0c9dcafca309c49
2026-04-24 04:44:23.000 UTC,0xc7ce8e7967c3386b7b893d6b1dfe4f01e7c4fcd27fc791892563f571e073bb09,MEV,0xfeca3589bc630835d3c6791b132fc521495a2bc6,0x3328f7f4a1d1c57c35df56bbf0c9dcafca309c49
2026-04-24 04:44:47.000 UTC,0x29d9a14b540f85b02e35bfdf114c2a54f069c86b80babe3a1d95e0527d2e466d,MEV,0xe29d92df8a01d0fa54c87fbc6e4a2dd296b51464,0x3328f7f4a1d1c57c35df56bbf0c9dcafca309c49
2026-04-24 04:44:47.000 UTC,0xa7b671e2515067b7e1d19b8249713c9e55117117c0fb4da8950ecf5bd0790aca,MEV,0x1eacc44b36961f1eb84a9aa4b643327ad0697ab9,0x3328f7f4a1d1c57c35df56bbf0c9dcafca309c49
2026-04-24 04:45:11.000 UTC,0x9f07c9265eaa536207434f02fe780d108a4b5b78554ccc6cda914f093fbcab96,MEV,0x1c1ba34146591f070359e9c587795d8cf4152e3d,0x3328f7f4a1d1c57c35df56bbf0c9dcafca309c49
2026-04-24 04:45:23.000 UTC,0x1de556e60197c10737b131bc6f852edcbfb70435e60f3d9a9e3e09249ebeeb83,MEV,0xbf1e0ca36246b93060d1bcbe18e8bcafd660ca4b,0x3328f7f4a1d1c57c35df56bbf0c9dcafca309c49
2026-04-24 04:45:23.000 UTC,0xbbbea628a8a2fcf07052fc54c6449fc72c74feffd8edd7219458028ed9bc2ed4,MEV,0x085bb0b13c8228201060396ae2892ba7886d9e1b,0x3328f7f4a1d1c57c35df56bbf0c9dcafca309c49
2026-04-24 04:45:23.000 UTC,0x7c309bda307852b737c4c10d381a1298f5be1f8db1096847af06b992afcc273f,MEV,0xe6b97c3f46a98e996076313642a1009d2845ef77,0x3328f7f4a1d1c57c35df56bbf0c9dcafca309c49
2026-04-24 04:45:47.000 UTC,0xe1d43086e223fd51de970f69ced0dc92054e9e28872fa147c3e8c84f8406535e,MEV,0x36aee1d1e937bd719ae0524522fac570d0233686,0x3328f7f4a1d1c57c35df56bbf0c9dcafca309c49
2026-04-24 04:45:47.000 UTC,0x29a9000c5d2d196f017a9547cd745a26e15b62c91929caaba33dcd9d123f8960,MEV,0x0e9f3de11771c85d96c860b01f99539a10dde780,0x3328f7f4a1d1c57c35df56bbf0c9dcafca309c49
2026-04-24 04:45:47.000 UTC,0xc91c8f509d781787fd5c088832f0996886f36d2ea77c27a240665d7a40da6950,MEV,0x058ec4dfc95bab74f5dbe70b254f28486d1ba9aa,0x3328f7f4a1d1c57c35df56bbf0c9dcafca309c49
2026-04-24 04:46:11.000 UTC,0xb9dbc05d5301761f493452eafb7e9c152942dfd49eb141c525eff6c34215f83b,MEV,0x95ee20207d03de08f334c9dfffb40865fc6186e2,0x3328f7f4a1d1c57c35df56bbf0c9dcafca309c49
2026-04-24 04:46:11.000 UTC,0xf2396ecd3093ce84b4b9f0e915cb5e5c31e84876e630ebb00650a575bd998d13,MEV,0xa657533d500469630ce9649156e3c0aa1eaa5359,0x3328f7f4a1d1c57c35df56bbf0c9dcafca309c49
2026-04-24 04:46:11.000 UTC,0x7c32e5875082bba377f70d0088a8730caadb4e2c7f62acb901499f03f54d2e63,MEV,0x432b2000433a73d0aee984cd22eb47f4208a529f,0x3328f7f4a1d1c57c35df56bbf0c9dcafca309c49
2026-04-24 04:46:11.000 UTC,0xf1850552df2d9e735e40467bf0cf1d17be270de9e393c1fe533b3e72d014e33e,MEV,0xe2885465862a93c767f953fb3061d0ca90c91ae2,0x3328f7f4a1d1c57c35df56bbf0c9dcafca309c49
2026-04-24 04:46:35.000 UTC,0xc6b457fcdbf1ee0ff6749c274561d23e785dfd87a812aa993317a044036761f4,MEV,0x9df1dcc75f0d8ea693893d881d7c45f45ac6b6aa,0x3328f7f4a1d1c57c35df56bbf0c9dcafca309c49
2026-04-24 04:46:35.000 UTC,0xb2b630ea82200b951869330f25eb9ebad55b33c5bbbdd0d73e2626676eac831b,MEV,0xe92380c0f22c5cc8c43b5ca176166dcd5d251a2c,0x3328f7f4a1d1c57c35df56bbf0c9dcafca309c49
2026-04-24 04:46:35.000 UTC,0x4e89dcfc9eff949e643990e74f2e3b5f4e7d29ccf79d7980dd9a746e83ea90e5,MEV,0x569f4d6a4a189ff4d466c376bc42f4218b84ae64,0x3328f7f4a1d1c57c35df56bbf0c9dcafca309c49
2026-04-24 04:46:35.000 UTC,0x46042ff6c84e1e0548321fa3930db17abac3862efe1194042576a13d750470a1,MEV,0x6e1726a9b202f813537ad524a8067a9751e41bae,0x3328f7f4a1d1c57c35df56bbf0c9dcafca309c49
2026-04-24 04:47:47.000 UTC,0x41dfc339acd0d39469b08abf193ae0cc80c2664e2a7cf19eff4bb0468d12dc7f,MEV,0x4f7dc608b3c42b69242edea5e31c0198e043c375,0x3328f7f4a1d1c57c35df56bbf0c9dcafca309c49
2026-04-24 04:48:23.000 UTC,0xe84b8384aa47df14625aa6666fa92cb1bbb22ccb75aca7327def666917becd1d,MEV,0x65b7e0a6aae8ce28f9005cd8d3c78f0127d1be50,0x3328f7f4a1d1c57c35df56bbf0c9dcafca309c49
2026-04-24 04:48:23.000 UTC,0x395cf4a8274dfc42de1cae9cff771397a909ccd5ee38e756acf7580f89b85cb7,MEV,0x0e6d43d330d156ca39a69966515f95f5de3b7cc8,0x3328f7f4a1d1c57c35df56bbf0c9dcafca309c49
2026-04-24 04:48:35.000 UTC,0xea5e429f0180931e2cfa043a9463c935dd78c959d3f066207072f322b74521c5,MEV,0x36aee1d1e937bd719ae0524522fac570d0233686,0x3328f7f4a1d1c57c35df56bbf0c9dcafca309c49
2026-04-24 04:48:35.000 UTC,0x2fef2ccaa9bb33463f8076a0d15396b08ac264e938d824490c209eea5a761fb9,MEV,0x41b2aac3be0687ddcfe0e2362997cd4d53a521b6,0x3328f7f4a1d1c57c35df56bbf0c9dcafca309c49
2026-04-24 04:50:11.000 UTC,0x242dc320ec1a34b2992567ae06bf7e5bfcdd839f19348f28d683f1c52c208336,MEV,0x09d390a4d12aab17020d417cdbe7979e63927495,0x3328f7f4a1d1c57c35df56bbf0c9dcafca309c49
2026-04-24 04:50:11.000 UTC,0xa53e0117104ebe992615502846b8026d8298b1bd9764b2614c85b2a05b7f0016,MEV,0x36aee1d1e937bd719ae0524522fac570d0233686,0x3328f7f4a1d1c57c35df56bbf0c9dcafca309c49
2026-04-24 04:50:59.000 UTC,0xe691ef03b2b1ce6ac3470bfa8dd6b052e64156711b14ab1859ae834d2303e179,MEV,0x96fed986e4294d2a897657280ac5e0e5a76c962b,0x3328f7f4a1d1c57c35df56bbf0c9dcafca309c49
2026-04-24 04:51:23.000 UTC,0x14d07ccca64ba8db7dffa8ea75c53d0350fee3f235ef783833e527dd9045dada,MEV,0x2b5c3edc7ea24124a97c41a890b7d0bc6faea595,0x3328f7f4a1d1c57c35df56bbf0c9dcafca309c49
2026-04-24 04:52:23.000 UTC,0x3ba38465f7be3119acc8f148b57c81cd9b598dbdb62cd707d20e03298f2ce795,MEV,0x5758fda2cdf7a2164a5128a8b78e59f7ecb1c34f,0x3328f7f4a1d1c57c35df56bbf0c9dcafca309c49
2026-04-24 04:53:11.000 UTC,0x7f45ac9e86bbc022784391b9ddb4f414a217742eda8822c61897f25c057d85f9,MEV,0x367e5f044fa55ea3960bcea7cf3fd1279fd668b3,0x3328f7f4a1d1c57c35df56bbf0c9dcafca309c49
2026-04-24 04:53:11.000 UTC,0xe04ad3ed2716aaa29c8dd23ba27d288bc5774e37878755e896f01ad4e51cfeab,MEV,0xf419645b615e5489fe738481655661d2f1160885,0x3328f7f4a1d1c57c35df56bbf0c9dcafca309c49
2026-04-24 04:53:11.000 UTC,0xae5b823be52dfc07db131c833d2411aa583dc9e530c59aa5c963d4bab0cf36ef,MEV,0x1d5a36ab2506fdcab34ba139b68b5adb1358c4ff,0x3328f7f4a1d1c57c35df56bbf0c9dcafca309c49
2026-04-24 04:53:11.000 UTC,0x7d1a23a413cfbb191c012e1b18256573becef2168d28271efa29d4c130170544,MEV,0xccdedb5f3116084a58ffb29d5046188a0a1d896c,0x3328f7f4a1d1c57c35df56bbf0c9dcafca309c49
2026-04-24 04:53:11.000 UTC,0x5c7beab3fca7fb6d65dd6cef7e8447c9b3923b03707e2fe515349419d9d0405a,MEV,0xcfb581b9899b06b438c53f39757572e7af249940,0x3328f7f4a1d1c57c35df56bbf0c9dcafca309c49
2026-04-24 04:54:23.000 UTC,0xf9ec1867459127cdd556a2af4c8f4d85749921c5504c01af536ff3761d9d0161,MEV,0x9f4825563c972b0367e7e89ccefa8acdc4a17314,0x3328f7f4a1d1c57c35df56bbf0c9dcafca309c49
2026-04-24 04:55:11.000 UTC,0x6fa0599306c4837549c0919f5ed60ae5d04dba8ed4023cf593543f353b43dadf,MEV,0x9aecd70cd040d8c7450f1756fa1a0efaa7c38019,0x3328f7f4a1d1c57c35df56bbf0c9dcafca309c49
2026-04-24 04:55:11.000 UTC,0xf1aa8851240cd856e73fac9a6692253d3751e976f2030f20ff378cd5ef95ada2,MEV,0x972037272a8d097c5ebf701564547dbc633c4869,0x3328f7f4a1d1c57c35df56bbf0c9dcafca309c49
2026-04-24 04:55:35.000 UTC,0xa6a19d370ac49b7da71ff17102351d072a5e7016a4e29752235ef47f73046020,MEV,0x7dd18125d880f1e4dd39507ea7db9be10fa48116,0x3328f7f4a1d1c57c35df56bbf0c9dcafca309c49
2026-04-24 04:56:11.000 UTC,0x73896851d264f8a7b9b2cecf91ec1550056b765744852b0ef42e7c3e60776f61,MEV,0x0deaa831df697157d33928af09eee9a7f4d58d2b,0x3328f7f4a1d1c57c35df56bbf0c9dcafca309c49
2026-04-24 04:56:47.000 UTC,0x0057afc5c54f50a79b5628254c24756f021bfa1b3114f787f106f20dbb6106f9,MEV,0x0f706f023bc2421a16c0b27ae99c375211b0cf40,0x3328f7f4a1d1c57c35df56bbf0c9dcafca309c49
2026-04-24 04:56:47.000 UTC,0x218d0caa7ed8bd965899c77c5a27f7c1cadfeb6aa075e16d727fe2692d087676,MEV,0xe83fa7236b50409719c86bab8d29c8ee6461213f,0x3328f7f4a1d1c57c35df56bbf0c9dcafca309c49
2026-04-24 04:56:59.000 UTC,0x086b4f348fe98f138318a00c0363b140d3cc77a2a2f6ebb5622d8498269aebcc,MEV,0x5758fda2cdf7a2164a5128a8b78e59f7ecb1c34f,0x3328f7f4a1d1c57c35df56bbf0c9dcafca309c49
2026-04-24 04:56:59.000 UTC,0x44220c6c2a59487aacca04fe5fc078c33545256cbc8d748c65defb4a40f0d1ef,MEV,0xe846bdad3a4d290567c5e9d8641badc79c57602e,0x3328f7f4a1d1c57c35df56bbf0c9dcafca309c49
2026-04-24 04:56:59.000 UTC,0xaef090072e26d3c78c3bdf7be1f8e71df8019a4702b855ee8d40cbec7ad0d94b,MEV,0x76f75ac2a4613dc82463de31c8c094d9a9f0ee39,0x3328f7f4a1d1c57c35df56bbf0c9dcafca309c49
2026-04-24 04:57:11.000 UTC,0xb05d0fcc3117b48f37ace4928e40bce5b0e091db988e0e102a5829f1187edb28,MEV,0xce89f1c96b8a445856e2bafefb83600d991123db,0x3328f7f4a1d1c57c35df56bbf0c9dcafca309c49
2026-04-24 04:57:47.000 UTC,0x62168a2ff54dcf3775b13bfb3b40bfd48711f8add919dd4e3f2466b73b3802bb,MEV,0x9f4825563c972b0367e7e89ccefa8acdc4a17314,0x3328f7f4a1d1c57c35df56bbf0c9dcafca309c49
2026-04-24 04:57:47.000 UTC,0x6a7c3f64e03f8ae5376ea4679be8f18435ef9b53bd03b54503030d56fdcea541,MEV,0x1bd2ef1400683db1ef03c1a6745d7433464b6b8b,0x3328f7f4a1d1c57c35df56bbf0c9dcafca309c49
2026-04-24 04:58:59.000 UTC,0x7cdd0115b61d6c30f2e020e34252761550879437fad3e3a0472c4b1cfb1c9b48,MEV,0x0c6a9e14449d9e48d2f122b182ca6e0f8582cfcb,0x3328f7f4a1d1c57c35df56bbf0c9dcafca309c49
2026-04-24 04:58:59.000 UTC,0xbb8f404821dc8123ea1ef9728ea5f86796f92a80d66d3afe371f0f27dfcd7b60,MEV,0x5d4dfe0ce4d7545400dad1c4c8095fd9fcda02a5,0x3328f7f4a1d1c57c35df56bbf0c9dcafca309c49
2026-04-24 04:59:47.000 UTC,0x1da209acf4d5e1ef18398be6f4227a0a3b1f88f664859abbe6e5f7ad554fa967,MEV,0x17412b2b513584c382e4e8dc34fc776a41395636,0x3328f7f4a1d1c57c35df56bbf0c9dcafca309c49
2026-04-24 04:59:59.000 UTC,0x9032548f8088d854404879ca9ce5273a8813347e2413510253287fd404275512,MEV,0xe5ece7c79733c5b2e7ceefbfdc2542486d106584,0x3328f7f4a1d1c57c35df56bbf0c9dcafca309c49
2026-04-24 05:00:11.000 UTC,0x5d77161451e9ed63c48c3ad2133ba596b7aedd428d9816b44520977975e1ffb7,NFT,0x1da8854a9ffcf6a7488eed58a483b77fc7875ac7,0x00005ea00ac477b1030ce78506496e8c2de24bf5
2026-04-24 05:01:23.000 UTC,0x6dd33b0d95992de81ce67d4ba15147f1b76f8da64432663b7831566b7a00795b,MEV,0xc7ffca763d99242f0cb58a1f141f1d8d604d6fd5,0x3328f7f4a1d1c57c35df56bbf0c9dcafca309c49
2026-04-24 05:01:35.000 UTC,0xa494485b7b49f5a7483b176070ad4a473ea097d615793db64a4f65a00e49ad53,MEV,0xe5ece7c79733c5b2e7ceefbfdc2542486d106584,0x3328f7f4a1d1c57c35df56bbf0c9dcafca309c49
2026-04-24 05:01:47.000 UTC,0x7894e0c3eaaed418a6074eb0aec24cf83ce6295a7662fa11aefec3bd678f7227,NFT,0x1ddb86b6cbce9d38aea60e8cba8f89a311eb95b4,0x00005ea00ac477b1030ce78506496e8c2de24bf5
2026-04-24 05:02:23.000 UTC,0x784a5ab0e5d7d8d0114a9e161d20fa9371dd93104284a22ebe7c67a3f345d39f,MEV,0x2fd5a4cbe89c69b7eca7b4bc444135c3b38bd30d,0x3328f7f4a1d1c57c35df56bbf0c9dcafca309c49
2026-04-24 05:02:23.000 UTC,0x7e50768fedad44a5f58252dc1d492547bae08a3091ca8318bdbeb11ff965a5b8,MEV,0xfeca3589bc630835d3c6791b132fc521495a2bc6,0x3328f7f4a1d1c57c35df56bbf0c9dcafca309c49
2026-04-24 05:02:23.000 UTC,0xe449c8efa9712d7d45311dcf3d8c61aa8281e7502fc077efd9f297d391a80964,MEV,0x2938552e7ff0d70b017b9e02ef557ace28390144,0x3328f7f4a1d1c57c35df56bbf0c9dcafca309c49
2026-04-24 05:02:23.000 UTC,0xa55a7e41af05499783e745c7377ba386e90969f0327f383d188c2da6fe0f5a56,MEV,0x8fe8876f610c446bd4fddc3baa6f362c53504919,0x3328f7f4a1d1c57c35df56bbf0c9dcafca309c49
2026-04-24 05:02:23.000 UTC,0x462106853ac13591e7278056ebe3ec2023447de7732f677589ef8393a4c3c29a,MEV,0xf20d53d7887f4e1a563bbec90ebbdc88ed55624f,0x3328f7f4a1d1c57c35df56bbf0c9dcafca309c49
2026-04-24 05:02:47.000 UTC,0xdecb8d51ef1548f42c6748a97df5f077cf7020107fec4fb1992d88a5755633ad,MEV,0xfac81647830271d3140152009bf160ba5fe51131,0x3328f7f4a1d1c57c35df56bbf0c9dcafca309c49
2026-04-24 05:02:47.000 UTC,0x26e34b928ad92007bc131fa22c109f07734fe102ab4978d1d6817ed70296a0eb,MEV,0x3f99c0611ed4f3e17f50a79ce2c069b446d294ea,0x3328f7f4a1d1c57c35df56bbf0c9dcafca309c49
2026-04-24 05:02:47.000 UTC,0x64db7dd285a1408ffb3bb8850a2b6a3ac99c39ff43c12a520f08d95ccb36b839,MEV,0xdd3d71392f64844f6c163f5156a2bf4f6e552f95,0x3328f7f4a1d1c57c35df56bbf0c9dcafca309c49
2026-04-24 05:02:47.000 UTC,0x75c52b905828f957197489f064830f9de8f3e3a99958a1e16a2d56c665f9bdff,MEV,0x3ba733fcee5c65007a869cc30c94acb7f9b29572,0x3328f7f4a1d1c57c35df56bbf0c9dcafca309c49
2026-04-24 05:02:47.000 UTC,0x5e535aa8d0571a0dc8769f266f59ef25c35eaacb2437c16cb8364a4d55ba8fce,MEV,0x2d6cefa0b099c7600bee238cfdb0886124c4d237,0x3328f7f4a1d1c57c35df56bbf0c9dcafca309c49
2026-04-24 05:02:47.000 UTC,0xa9592d4ff3fd61ec62de9800881db95a6f8ee5e777ea197f136f36c42ab73da0,MEV,0xdddca76ed466bdfc7e051af495ea402dd4070a36,0x3328f7f4a1d1c57c35df56bbf0c9dcafca309c49
2026-04-24 05:02:59.000 UTC,0x0f7a80321684a0ec95712b1a9a1f8ed908c5a9f62a9245ef83e482f8ddfa5e07,MEV,0x5dd281d8398fc74e058d4cd1f17193d37b97d9d0,0x3328f7f4a1d1c57c35df56bbf0c9dcafca309c49
2026-04-24 05:02:59.000 UTC,0x146dcb8ad73cf3cdb6e422713db6b529bf235bd3abd5627a8d3073d856ce408a,MEV,0x4194ab008d79af9ecb0e1b7b24d7258101034cb5,0x3328f7f4a1d1c57c35df56bbf0c9dcafca309c49
2026-04-24 05:02:59.000 UTC,0xc102d40d66dcf427a433c12fad49f326dca4835fa5f8896118a8a4f5aa56f6ed,MEV,0xfd2f1875775650dc7ba73d39972997988b8b0055,0x3328f7f4a1d1c57c35df56bbf0c9dcafca309c49
2026-04-24 05:03:11.000 UTC,0xe6a3670cbde8c9f56ba5dddcbe97571bbfe7dfda2666ddf485d5405818079c01,MEV,0x58f3ff7fc2d5a21dfe1ee23a3604d7ccf1468c36,0x3328f7f4a1d1c57c35df56bbf0c9dcafca309c49
2026-04-24 05:03:11.000 UTC,0x7ee0c3fa17838a5fdd32a4b5fed3a8cbe89e1345e0c3bcdba00a01f0b3cbc55f,MEV,0x6c9fb6b361132b2c72b71816bd4582bf0d22f9a4,0x3328f7f4a1d1c57c35df56bbf0c9dcafca309c49
2026-04-24 05:03:23.000 UTC,0x4d71d1ef240b5240f4aa16d8bfaf0a3e0cc9572f32932e05c659792b4fe43359,MEV,0x5daca7dc1abc8dcc2fd9eca70227689efdc564c0,0x3328f7f4a1d1c57c35df56bbf0c9dcafca309c49
2026-04-24 05:03:23.000 UTC,0x9395d7fe39160bce1e7b1491195d1f3e985f09478575c667010caa855eea53bf,MEV,0xfd02a4948916c0e90f2105a7ed2279b2fb25927d,0x3328f7f4a1d1c57c35df56bbf0c9dcafca309c49
2026-04-24 05:03:35.000 UTC,0x7224db318dbadfd2e8dbc6af90c587999a3b9f126374d5ebe92fe51a56522e12,MEV,0xdeff2755bf2999b3226cab38d7b9c11a5c0b0766,0x3328f7f4a1d1c57c35df56bbf0c9dcafca309c49
2026-04-24 05:03:47.000 UTC,0x5d19148c34615ae58825ab6da6d9a036f2adfe021e48ecf9a520d5fdbc4dfd11,MEV,0xc63c07d8bd43e677d474eeb85dd2077b4ad8bdc7,0x3328f7f4a1d1c57c35df56bbf0c9dcafca309c49
2026-04-24 05:03:47.000 UTC,0xe8f231754fea4b1ecdd7633586cbbe6840c443bb152ae92df769a0386031bb8a,MEV,0xd2decbc2cd3fe0af5aaf2f1fe4fbc4d00f6492c9,0x3328f7f4a1d1c57c35df56bbf0c9dcafca309c49
2026-04-24 05:03:59.000 UTC,0xfeedd9d013f1fed90bbfdfcdfff1cbcae6435189a6e826baa134ee0ee17af73b,MEV,0x7ea97a602dcd9c224b7588442c784180ec806f0c,0x3328f7f4a1d1c57c35df56bbf0c9dcafca309c49
2026-04-24 05:04:11.000 UTC,0xd70d711e01f9b148faf7fc589333ee50370ce04eafd656108c6569dc7d7a844b,MEV,0x26ed2bec3089c5f4b2df55e3aaa8e4ed4213b486,0x3328f7f4a1d1c57c35df56bbf0c9dcafca309c49
2026-04-24 05:04:11.000 UTC,0x7094022809d91b5a59369950cb83cc96325f7891653d566a15ae062808e0a96e,MEV,0xc52e0a293a598b79fa2f1cee9f31b76fe0c6bf57,0x3328f7f4a1d1c57c35df56bbf0c9dcafca309c49
2026-04-24 05:04:59.000 UTC,0xe0aa1a4062fa076feb02148152315a494b414d537b44c4f7c0a3a91eeb89285e,MEV,0x89ce04e0c4558be2f8c7804ca9da6948c0c3f964,0x3328f7f4a1d1c57c35df56bbf0c9dcafca309c49
2026-04-24 05:04:59.000 UTC,0x5bc99f85684f6173d1aa3767c83736ae87edc91b6f8ab7d02b337867f2d6e88e,MEV,0x6b51c424850c17d9a9bae4bf6a050aba89ce3519,0x3328f7f4a1d1c57c35df56bbf0c9dcafca309c49
2026-04-24 05:04:59.000 UTC,0xfc6832cc71c94429e95a146b275b958b606c4f81d53e5f2497701f2ef25d26c0,MEV,0x8d9687f6d675584c7263f1449182fc099e2d4a7c,0x3328f7f4a1d1c57c35df56bbf0c9dcafca309c49
2026-04-24 05:04:59.000 UTC,0xa7cb9836ab72fd9b4e95b156df1d8bf681c43d7579d3cd5edd455a77ce5e29ea,MEV,0x1118f8b1e5ee723d719785785ff062423ae2ba0e,0x3328f7f4a1d1c57c35df56bbf0c9dcafca309c49
2026-04-24 05:04:59.000 UTC,0xad8cb8f31fc042baab5c090513c7aaf0415a252c4fb51a1fe57e8fdf1f663f5f,MEV,0xbca8e6ece781465a0bfb994034a7bdfb09618b1f,0x3328f7f4a1d1c57c35df56bbf0c9dcafca309c49
2026-04-24 05:04:59.000 UTC,0xf01cbbf68d763fde467183979c5c4db044fef866d477b400bbeacef0f0442c85,MEV,0x5e299c28ddf416e6ae7cdd157e0a3868f404c027,0x3328f7f4a1d1c57c35df56bbf0c9dcafca309c49
2026-04-24 05:04:59.000 UTC,0xc7b8b436487e246a120c4dd5d530d8748948b4d8b73756f23c063097ff58277a,MEV,0xb2c484bcd38fd0324cf04941ee0fb47c712aae7d,0x3328f7f4a1d1c57c35df56bbf0c9dcafca309c49
2026-04-24 05:05:11.000 UTC,0xaf880849856704dc0ebe8dfea57d4627a480c0172e56ddcdad36a4fcceeb7593,MEV,0x640878cf57972391d5283e89e53aae391d4f1dbe,0x3328f7f4a1d1c57c35df56bbf0c9dcafca309c49
2026-04-24 05:05:35.000 UTC,0xdcf753d06674ef058f38eea7f7caaa62f33afcf3812080f119ea673c6dda12f1,MEV,0xacc71d0f7b18bb2c8e9c53e82c47e10ab367f902,0x3328f7f4a1d1c57c35df56bbf0c9dcafca309c49
2026-04-24 05:06:11.000 UTC,0xc9b0e348ebcc7223f5bcf80dfdd9f3a36ff4a71f7d194c840a09a314c0ebf877,NFT,0x2f0cf5ce687a556f91a90fa0cc553aa67bf14ee0,0x00005ea00ac477b1030ce78506496e8c2de24bf5
2026-04-24 05:06:23.000 UTC,0x86467cc66447ab5930e4491cd70c1411382f353492c4023547e464c8e22f107f,MEV,0xefd4335c2d2da6f452efe1efbe9d10d2686db434,0x3328f7f4a1d1c57c35df56bbf0c9dcafca309c49
2026-04-24 05:06:23.000 UTC,0x691a883e11cd920f6c53e1a37c74c44c881ad6c29df174436e56ec2fb22472d7,MEV,0xfce6ca5463066c97a51cc4ba71ebb19003c1e510,0x3328f7f4a1d1c57c35df56bbf0c9dcafca309c49
2026-04-24 05:06:35.000 UTC,0x403192f269e6b8e54f6ecf8774d82658cf6fdc248b8e8e079b2eb32583a6d1be,MEV,0xcbb3dabb28c1ca9f64f42f1239680c2deb8b96d9,0x3328f7f4a1d1c57c35df56bbf0c9dcafca309c49
2026-04-24 05:06:35.000 UTC,0x05c4df45991135007793a52d32b1bb1080cedd48c1b6c992fc3b3e155964579d,MEV,0xa7c0d4c38e8260e3478ea3f2e936577c25227851,0x3328f7f4a1d1c57c35df56bbf0c9dcafca309c49
2026-04-24 05:06:59.000 UTC,0xf32afd602eb5ac6cffd96e3ffe19fd2a832f8b78d0af7ce11beb3713df870754,MEV,0xb2c484bcd38fd0324cf04941ee0fb47c712aae7d,0x3328f7f4a1d1c57c35df56bbf0c9dcafca309c49
2026-04-24 05:06:59.000 UTC,0x6e3dcc1ff1c1cf28a3f7d019fefe4b41c95a9a5d76b289b471ad1be4b25d85ef,MEV,0x40986759db18bbc1f7e4bc0ae61997c26c674406,0x3328f7f4a1d1c57c35df56bbf0c9dcafca309c49
2026-04-24 05:06:59.000 UTC,0x251d2f280d2aa39010704c6b3dd0319866ad9ccf9aa3c518eaa636f046f9d57b,MEV,0xefa3c1bbf5cf66c8cb5ec9a9b2883cf651275ecb,0x3328f7f4a1d1c57c35df56bbf0c9dcafca309c49
2026-04-24 05:06:59.000 UTC,0x6cf35960b92ad1892e98ed0b0d1d99c19ed5a23b6730ed8c48306089b16c24c6,MEV,0x4806eef4c0ad9f7bb032857f40341708d09660db,0x3328f7f4a1d1c57c35df56bbf0c9dcafca309c49
2026-04-24 05:07:11.000 UTC,0x1cec64075234f0d10904431496a0f7e2c2c1a02ee3549ee28de2f7515e36e2c8,MEV,0x89ce04e0c4558be2f8c7804ca9da6948c0c3f964,0x3328f7f4a1d1c57c35df56bbf0c9dcafca309c49
2026-04-24 05:07:11.000 UTC,0x5fb7c59064a42ab80d6275a452640f00139f5432405fb234cd093966e5e182a5,MEV,0x1118f8b1e5ee723d719785785ff062423ae2ba0e,0x3328f7f4a1d1c57c35df56bbf0c9dcafca309c49
2026-04-24 05:07:23.000 UTC,0x8648018a084cb4aa81a81cfffb0ec2d513ca5063cf4da9f5be6d3c53647712d8,MEV,0x6b51c424850c17d9a9bae4bf6a050aba89ce3519,0x3328f7f4a1d1c57c35df56bbf0c9dcafca309c49
2026-04-24 05:07:35.000 UTC,0xfc45f11a5010d3912d4a0c1ca43cce5e6603b71a0cb706cad603d9777458c393,MEV,0xc5cd69b981ca2c30365ad21daf2f5031d8541bdc,0x3328f7f4a1d1c57c35df56bbf0c9dcafca309c49
2026-04-24 05:07:35.000 UTC,0xc39d04c105c8c6dab75114071c84d883e79dcba66dc2b493f9b367a6d40dfe5e,MEV,0x456e69fc1f81e847894735763041a5bc06f4515e,0x3328f7f4a1d1c57c35df56bbf0c9dcafca309c49
2026-04-24 05:07:35.000 UTC,0x254b1702b1d404161278e601ca39bd22741f6549cb0efec029e26c12e0a85da2,MEV,0x05782893857ff5f95e9211a29202800c89e59ab7,0x3328f7f4a1d1c57c35df56bbf0c9dcafca309c49
2026-04-24 05:07:35.000 UTC,0x3bd066592659ee12fa635f899e22070f6f554c9931cc1dc6ef88fbf59f8332b9,MEV,0x514bf6b13306f69fe3ab8c878a6bf39bd52843ad,0x3328f7f4a1d1c57c35df56bbf0c9dcafca309c49
2026-04-24 05:07:47.000 UTC,0x5df9374d3716f4c72578a44edacedbe08f4bf15aa389fcd26456e550887693e9,MEV,0x9cce04b4d7387599b6a49b4102aa8ed6bf8bae12,0x3328f7f4a1d1c57c35df56bbf0c9dcafca309c49
2026-04-24 05:07:47.000 UTC,0xa6b1a6f800682622957a13d57b2ce64b0432219859f667cdf04155678e415f9e,MEV,0x38a4843b9cb392166a6fa62e84998ff5b1cf13e7,0x3328f7f4a1d1c57c35df56bbf0c9dcafca309c49
2026-04-24 05:07:47.000 UTC,0xeef9b0504b1217ab86e7038ce050f0cc975de8aa599ea11d6f8a476fdb571139,MEV,0x8d9687f6d675584c7263f1449182fc099e2d4a7c,0x3328f7f4a1d1c57c35df56bbf0c9dcafca309c49
2026-04-24 05:07:59.000 UTC,0xe8a25cfc1b936b1121a199872bbcd3fd900b6b33da534c3ad66fee69d1648d2f,MEV,0x8bfee4f379d78955c5a42e9335af361a7e9101e3,0x3328f7f4a1d1c57c35df56bbf0c9dcafca309c49
2026-04-24 05:08:11.000 UTC,0xf46c392592e77ef733a07ce8f18025ef4f05ac778e259881842509902fe3644c,MEV,0x1e035e3d750634969ec0bed3ea5a1e8ce4f46eea,0x3328f7f4a1d1c57c35df56bbf0c9dcafca309c49
2026-04-24 05:08:11.000 UTC,0xd107717f560bbb429cfe7a6cec43c93f818319a554f824bd1357618bef6cc7f6,MEV,0x9b2eb0af49666f9a9814417983b5025a0b7e6a6c,0x3328f7f4a1d1c57c35df56bbf0c9dcafca309c49
2026-04-24 05:08:23.000 UTC,0x0804fcc225198f62a69c2b8a12f3a5cabfa5f1fc45d76a9df7699b774d1ab300,MEV,0x508bae001798cce1340995fecf1db04b269b7379,0x3328f7f4a1d1c57c35df56bbf0c9dcafca309c49
2026-04-24 05:08:35.000 UTC,0x3391085b39e0d93daf1106aaf83ff60b22bd7f457f517d0aafb771508ae94e0c,MEV,0xb004f5be965934c408ad37ec9a6b4df98ee22254,0x3328f7f4a1d1c57c35df56bbf0c9dcafca309c49
2026-04-24 05:08:59.000 UTC,0x88052fc46feec71250d53fd29be3d84b9779847da1b25786091de74fb5d2d564,MEV,0xf14f92513bbfd3308fadb4adca6cf43b2c814d60,0x3328f7f4a1d1c57c35df56bbf0c9dcafca309c49
2026-04-24 05:08:59.000 UTC,0xf8b2877c39889608a0efe486411ff1ee4e23000a449601a0be815c39aea18a3c,MEV,0xb4c879041cdc68e551e949bd36ffcd9311ef1752,0x3328f7f4a1d1c57c35df56bbf0c9dcafca309c49
2026-04-24 05:08:59.000 UTC,0x54e9aeb89fa29ee28dbd836e670bfafa61cd2e824bbff87f18ab8d54ff145585,MEV,0xfa67148475d7f4e7ff959c21134a3e0d37aaf5cf,0x3328f7f4a1d1c57c35df56bbf0c9dcafca309c49
2026-04-24 05:08:59.000 UTC,0x753bdc8f863dc18140799ffa9201e29fa51c4d905b70682b3d64fc1896f65144,MEV,0x76112541a9add02d04d2dba141435aa3bf5d3bd9,0x3328f7f4a1d1c57c35df56bbf0c9dcafca309c49
2026-04-24 05:09:11.000 UTC,0xa151e073f727ce97d862595a28f4847f4f0a52f5920ff6ffe38adf400bdead39,MEV,0x78693a466a6029979f4e42c728b1f40c4e65fa59,0x3328f7f4a1d1c57c35df56bbf0c9dcafca309c49
2026-04-24 05:09:23.000 UTC,0x74312d53793fa801aecca21783ce3ede16ed09ae847e16ace337491155bb9fde,MEV,0x5b13fdabf7c9dd873ac04ddeac693ac868390d19,0x3328f7f4a1d1c57c35df56bbf0c9dcafca309c49
2026-04-24 05:09:47.000 UTC,0x8c6843d1f3a26d6a2dd47e6680dd06b90107140731f082a72c4c8edd68395ffe,MEV,0x78693a466a6029979f4e42c728b1f40c4e65fa59,0x3328f7f4a1d1c57c35df56bbf0c9dcafca309c49
2026-04-24 05:10:23.000 UTC,0x971fb2f5bc1c053680f61752ddf16af3d3609127e1f5620210b20e35851d0373,MEV,0x99e726a5420a2a194b21d3945e6fa92904009f1d,0x3328f7f4a1d1c57c35df56bbf0c9dcafca309c49
2026-04-24 05:10:59.000 UTC,0xf8287cdd6666c981cbecefbda13299eb7f81bff502997d8b7b25fea3d0c14b36,MEV,0xe78c5745b0418447cc8a53ad4361ca9ec805e391,0x3328f7f4a1d1c57c35df56bbf0c9dcafca309c49
2026-04-24 05:10:59.000 UTC,0xdba7ac259821bb43e11a69e5046f10bf29ad21b93ade1fe958c680fa3b094b51,MEV,0x5959c85b5c8c68276c99b1cde79a175e9f44af37,0x3328f7f4a1d1c57c35df56bbf0c9dcafca309c49
2026-04-24 05:10:59.000 UTC,0xa123d5ffeb9d07049e9565171f01e775d21f156c86bd7d9fe56884597e8def0b,MEV,0x940e3ff7efa6936641fc2c2aea11d4e452307877,0x3328f7f4a1d1c57c35df56bbf0c9dcafca309c49
2026-04-24 05:10:59.000 UTC,0x6a9621b3f4fe9053c59c79745716840f3b8b8e7a5dd82ed2f7fbf410ff431406,MEV,0xdd4bf17ff61b1cad4ad3ffa4ef0dd08b747422d0,0x3328f7f4a1d1c57c35df56bbf0c9dcafca309c49
2026-04-24 05:10:59.000 UTC,0x162d405bb9ec4642aad18919a45fbb010fc0bff9f16255687135a306889293ff,MEV,0x0a3a5f5dd013e1ec4e6de9dfcfab11193205abc2,0x3328f7f4a1d1c57c35df56bbf0c9dcafca309c49
2026-04-24 05:11:11.000 UTC,0xdcd322a1446b998d0a4764720c3660becdf94879d736cf4065470857a7c4d076,MEV,0x9ca100bfc9b1bcdec23ba0ec6e4eee26a49dee94,0x3328f7f4a1d1c57c35df56bbf0c9dcafca309c49
2026-04-24 05:11:11.000 UTC,0xe7645429d42c687bc1cd838a9f06880b15c6c8665ee8f9d8d99e6f72b869915e,MEV,0xfd0515c6a3fa238c3834f043d5763eaffee9d47e,0x3328f7f4a1d1c57c35df56bbf0c9dcafca309c49
2026-04-24 05:11:11.000 UTC,0x98e76036922e52a103ba10b2941001eed379d32c58c65a101cb69e8cffccc440,MEV,0xd5b08e7f855f798c3b170fa8a5f1b45f31922d5c,0x3328f7f4a1d1c57c35df56bbf0c9dcafca309c49
2026-04-24 05:11:11.000 UTC,0xfb8c08908120fd60b578476ff881a7f566b2988685b1d5c51dbbe847007650aa,MEV,0x30b6e1eba5799210fec18e825e3787afbb5d5dfd,0x3328f7f4a1d1c57c35df56bbf0c9dcafca309c49
2026-04-24 05:11:11.000 UTC,0xafca7ba4c4a86d031a4f8c0d9266d42808bbf1e5e0565293ae48dbc4cf5aee32,MEV,0x48154424d2b3f7c9f9e00cdd9dee93ddd917b7cc,0x3328f7f4a1d1c57c35df56bbf0c9dcafca309c49
2026-04-24 05:12:47.000 UTC,0xc7e485d05048c8e56368a190f035c55f05ed8e2603c008fcd013bdcdcfe29e53,MEV,0x89ce04e0c4558be2f8c7804ca9da6948c0c3f964,0x3328f7f4a1d1c57c35df56bbf0c9dcafca309c49
2026-04-24 05:12:47.000 UTC,0xf1eb0bb5ace2cddbca3099f0eec2f7420207d9cee73ea5c74bc5d4af671cd275,MEV,0x940e3ff7efa6936641fc2c2aea11d4e452307877,0x3328f7f4a1d1c57c35df56bbf0c9dcafca309c49
2026-04-24 05:12:47.000 UTC,0x37bae1da2de5604e9b0e6eb841c062273ab48605c4a673fdfcedb62aff4a231c,MEV,0xb2c484bcd38fd0324cf04941ee0fb47c712aae7d,0x3328f7f4a1d1c57c35df56bbf0c9dcafca309c49
2026-04-24 05:12:59.000 UTC,0xb702b72e9891129e4beb584fc8628eda013dcf08109c920cf845d3ae7854342e,MEV,0x1bd2ef1400683db1ef03c1a6745d7433464b6b8b,0x3328f7f4a1d1c57c35df56bbf0c9dcafca309c49
2026-04-24 05:13:23.000 UTC,0x5d4819c523f016613c56d2a6f24898421ae7f049875d40ad90c2e04eafbf317c,MEV,0xe678bd157e0067134e0f39e965d0ed90476e08da,0x3328f7f4a1d1c57c35df56bbf0c9dcafca309c49
2026-04-24 05:13:47.000 UTC,0xd7eeee27f6ef6f3aacf7ccb1ec14dbad7c67b2b072914583684241dce9b81d8a,MEV,0x2167ebdbff0d8f10f465e865d54c8db88775b961,0x3328f7f4a1d1c57c35df56bbf0c9dcafca309c49
2026-04-24 05:14:11.000 UTC,0xf53f2df31a80a5ce2a9fedb75a4d507b8598da8be6228695ea1f6f0f21a1f175,MEV,0xe2fff0567c5d3bfdff08f2fecfd74dcbd2be2a29,0x3328f7f4a1d1c57c35df56bbf0c9dcafca309c49
2026-04-24 05:14:11.000 UTC,0x2cf374478471a99dd85cebca33a3801c20ac41e5206cfb0ecc4f7b91dd9a33a8,MEV,0x2a97bd265b2673a726ada44f5ff16a75269f2855,0x3328f7f4a1d1c57c35df56bbf0c9dcafca309c49
2026-04-24 05:14:23.000 UTC,0x43c2530e08252dea78f410a96af7dbfd960d0f5a92953e3ce5021671c6390b72,MEV,0x99e726a5420a2a194b21d3945e6fa92904009f1d,0x3328f7f4a1d1c57c35df56bbf0c9dcafca309c49
2026-04-24 05:14:23.000 UTC,0x2c7e1fed74a3c0fdbecc55ab5cdaabe69a6d996733d090594988e79eff743767,MEV,0x5959c85b5c8c68276c99b1cde79a175e9f44af37,0x3328f7f4a1d1c57c35df56bbf0c9dcafca309c49
2026-04-24 05:14:35.000 UTC,0x9a112866f85983620ae7e73d365432e1358eb6f480e0481433f29a4504013147,MEV,0x0f706f023bc2421a16c0b27ae99c375211b0cf40,0x3328f7f4a1d1c57c35df56bbf0c9dcafca309c49
2026-04-24 05:15:11.000 UTC,0xe0b2445618305888e61e8a993dc09ae52e38705c1dc559b282293f961d203dc3,MEV,0x2989bffe7dba4cdaa3da521abf94925e8d19f3ad,0x3328f7f4a1d1c57c35df56bbf0c9dcafca309c49
2026-04-24 05:15:11.000 UTC,0xfdcf8413b3b07efc96bbf5170ef10bed607e2d08a27e0a4ee78f6f9565f6ffe5,MEV,0x504572db530cc7be96116766e3447a677c63d6fd,0x3328f7f4a1d1c57c35df56bbf0c9dcafca309c49
2026-04-24 05:15:11.000 UTC,0x8c83cfa9b8134c40c0a2a86bdfed9356ce45ebef94772761d262e45b313597f6,MEV,0xe83fa7236b50409719c86bab8d29c8ee6461213f,0x3328f7f4a1d1c57c35df56bbf0c9dcafca309c49
2026-04-24 05:15:23.000 UTC,0x6cc2f23f42f07ef0dd00383ad9e9cbdfd21fbf2da6ab05ccfaf66064de4d3634,MEV,0x1bd2ef1400683db1ef03c1a6745d7433464b6b8b,0x3328f7f4a1d1c57c35df56bbf0c9dcafca309c49
2026-04-24 05:15:47.000 UTC,0xa5aa0837376b45037e75affe3d0ca289da35a94ac5577e150782dd26f3137e17,MEV,0x0f706f023bc2421a16c0b27ae99c375211b0cf40,0x3328f7f4a1d1c57c35df56bbf0c9dcafca309c49
2026-04-24 05:15:47.000 UTC,0x5a2e493710238bb68f22b2a4f14e02c016f04609fbd0df594781c173f140262b,MEV,0xe83fa7236b50409719c86bab8d29c8ee6461213f,0x3328f7f4a1d1c57c35df56bbf0c9dcafca309c49
2026-04-24 05:16:11.000 UTC,0xe0044e876ba0d270628a4652129dae7c5ce564dbaae32280ff036435cd854efc,MEV,0x695d0805a652fbc13d4407f026263ea0b58a6e35,0x3328f7f4a1d1c57c35df56bbf0c9dcafca309c49
2026-04-24 05:16:23.000 UTC,0x9a39137da967423221c6426eeb2934a8673f2b0d9bdcbe565f026e310fd1d92c,MEV,0xe83fa7236b50409719c86bab8d29c8ee6461213f,0x3328f7f4a1d1c57c35df56bbf0c9dcafca309c49
2026-04-24 05:16:23.000 UTC,0x39fbe65d5853b96666d7617a2496867b0de5c26d359b4880e4fc3ad8457df047,MEV,0x0f706f023bc2421a16c0b27ae99c375211b0cf40,0x3328f7f4a1d1c57c35df56bbf0c9dcafca309c49
2026-04-24 05:16:35.000 UTC,0xc5904e8b3840266582664a07e0ae60ce4e1ff74d9edcf2580f994d62a5e6b184,NFT,0x3c2d71b48832e682f539733cc286f08c34e4ef54,0x00005ea00ac477b1030ce78506496e8c2de24bf5
2026-04-24 05:16:59.000 UTC,0x76777848de0f73964ad39fcfc0cf92b0336b496218328a077f2fc4735b1ac698,MEV,0xcb4ce655081f706c5145fea5237b01662438b20c,0x3328f7f4a1d1c57c35df56bbf0c9dcafca309c49
2026-04-24 05:17:47.000 UTC,0xd0fb18cf4394aa5cb72ccc35e4fb6831eca65840a866a717aa1cb1d19590b3d0,MEV,0x50342b26b524c8bb02659294db18e12e0aa750d8,0x3328f7f4a1d1c57c35df56bbf0c9dcafca309c49
2026-04-24 05:17:47.000 UTC,0x8547ae5c1ac5ff0f9b3f705cf10b12bf4fe26e87fc1e88bc3341a77c4427b6de,MEV,0x82b0e45df79b8c4be2b4d0359fda61a51d83f169,0x3328f7f4a1d1c57c35df56bbf0c9dcafca309c49
2026-04-24 05:17:59.000 UTC,0xcac0bb1315dba2b45ce398072272f0bfa1efd926140dd196df2d8eec552ffe24,MEV,0x3819ec18c306ee68e31535c50cc8f9257314519a,0x3328f7f4a1d1c57c35df56bbf0c9dcafca309c49
2026-04-24 05:19:35.000 UTC,0x7cb9d13d5bb94de60ac0e4b446e0530e1485764548de7e5774e4138dfb9e6c30,MEV,0x5758fda2cdf7a2164a5128a8b78e59f7ecb1c34f,0x3328f7f4a1d1c57c35df56bbf0c9dcafca309c49
2026-04-24 05:20:23.000 UTC,0x238a8b3d7c6e59dd72024e779bdf9fbe530c0e47f33e2e6402591dc758e299a8,AMM,0xb6b120d2c68fd0920be9df90bc4c7cde69f11828,0x66a9893cc07d91d95644aedd05d03f95e1dba8af
2026-04-24 05:20:35.000 UTC,0xa909e8eb90db2de7f7d15714f828cc4275c42d20d9bf8ecb7aba26e147b63d65,MEV,0x5758fda2cdf7a2164a5128a8b78e59f7ecb1c34f,0x3328f7f4a1d1c57c35df56bbf0c9dcafca309c49
2026-04-24 05:20:35.000 UTC,0xab37798dfcfa726def78bcf41478ebc740b5d93385d784cd3e827dee5b4782d3,AMM,0x93ae4d9632e252ec8c0c1309d715dcc06118b149,0x66a9893cc07d91d95644aedd05d03f95e1dba8af
2026-04-24 05:20:35.000 UTC,0x655bea025aedf5681b3640f9265a7101f86af98a86a411ce37c242cd4e5da0ed,AMM,0x22fa3c091c58362fd9399b9bc61f3e24d3d6a4d4,0x66a9893cc07d91d95644aedd05d03f95e1dba8af
2026-04-24 05:20:35.000 UTC,0x371bfe1981d6a27b6a1bacd0252b2a4d0ccaab38b6e02f744be6acfd7a99f8c9,AMM,0x0ccc8ae7b240c1e468e39a8d8fae6633b231ed76,0x66a9893cc07d91d95644aedd05d03f95e1dba8af
2026-04-24 05:20:47.000 UTC,0x8bb314728935860db86fa86a5536d3a1f6b2fd5c64a096afab0e099464554545,MEV,0x5758fda2cdf7a2164a5128a8b78e59f7ecb1c34f,0x3328f7f4a1d1c57c35df56bbf0c9dcafca309c49
2026-04-24 05:20:47.000 UTC,0xba181580d130a0fefc1c89d79b337fde5bad00403ccdbc2c945d552d806a466d,AMM,0xf3cc3accbc3df0384d689585bbafdad268003b12,0x66a9893cc07d91d95644aedd05d03f95e1dba8af
2026-04-24 05:20:59.000 UTC,0x6bd65f03ac6feac98cd6469975708811b95830863d83502b077f97b4c5948ef0,AMM,0x495fbda261dd25f1e46f80c43de051c13fdd7bcb,0x66a9893cc07d91d95644aedd05d03f95e1dba8af
2026-04-24 05:20:59.000 UTC,0xeecf31e2c57fca253dcd0ca5058b7bb33ec714daba8f605b514815c9cebeae5c,AMM,0xd25914fbe6f589c3c4d75b6cdc57686ab986a542,0x66a9893cc07d91d95644aedd05d03f95e1dba8af
2026-04-24 05:20:59.000 UTC,0x003d94553c681169402a02eeb51454e032f1fef4d6d901061a9237ca41ecd6b2,AMM,0xcaeea23da02a1c43fb08165983d0237823ec4e47,0x66a9893cc07d91d95644aedd05d03f95e1dba8af
2026-04-24 05:20:59.000 UTC,0x6f9bf5c30da01292ce3d88fef3070d6606e177d373861d4b35bf13a95b43a642,AMM,0x801542a3b9f4d1e51039f6eba4848a9406e8e5de,0x66a9893cc07d91d95644aedd05d03f95e1dba8af
2026-04-24 05:21:11.000 UTC,0xcdcf6664738be25d94780449da34a880ae30dcbc645bf226140e81aa57943338,AMM,0x121558883de9fb6f632ec2153388e89f663b38ce,0x66a9893cc07d91d95644aedd05d03f95e1dba8af
2026-04-24 05:21:11.000 UTC,0xa15bc2e69fbf995bc941a115c9c5975c2c70024db8ff56b87c3c6e78859860ce,AMM,0x154cecdba0d6a1149ccacc70c4bac36211a81bcd,0x66a9893cc07d91d95644aedd05d03f95e1dba8af
2026-04-24 05:21:23.000 UTC,0x9834587a479c9e440929f1c6aea47629aba29ff2153dd1be334482e73ec8191e,AMM,0x55d15ed48fc35c5040c799a196c124d7f7773833,0x66a9893cc07d91d95644aedd05d03f95e1dba8af
2026-04-24 05:21:23.000 UTC,0xb2b7b2facf41d10068734fd8490963ab467a79bb3166727baedc2cad05e5f6c0,AMM,0xfbf84e4e1d07799635be37073d545d5762c4433d,0x66a9893cc07d91d95644aedd05d03f95e1dba8af
2026-04-24 05:21:35.000 UTC,0xa1a433c181902b0308eb5910be9b3e9be9d1cd698c0ae83b15d47b58fcec1f5b,MEV,0x1bd2ef1400683db1ef03c1a6745d7433464b6b8b,0x3328f7f4a1d1c57c35df56bbf0c9dcafca309c49
2026-04-24 05:21:35.000 UTC,0x6c78f440efb8f19f852299f16c09703cf5bf5d82a7e9119c924ba270625879ec,AMM,0x287c1abaa1be68951f27e9470a10d314a1ee6e4f,0x66a9893cc07d91d95644aedd05d03f95e1dba8af
2026-04-24 05:21:35.000 UTC,0xf5fcb42606c866d110c012fc86fcc6bf95a9666a670e4ecc5cd3d9260d96b023,AMM,0x440277f9d7329eb60ebe7c2f1bcc1566341b4117,0x66a9893cc07d91d95644aedd05d03f95e1dba8af
2026-04-24 05:21:35.000 UTC,0x0776099c23a9e98599ed3cc66f9066280734573e17149de1b15c01602dbc435b,AMM,0xbdd7c39bcfadef4777bf1d72cc10daf745756d78,0x66a9893cc07d91d95644aedd05d03f95e1dba8af
2026-04-24 05:21:35.000 UTC,0xbc5fc9c44a8545e54b311c58a32050369a26f73ff9374a74ff13189343693519,AMM,0x3e9dd8088fe88472621f67ac502b784f0d852b71,0x66a9893cc07d91d95644aedd05d03f95e1dba8af
2026-04-24 05:21:35.000 UTC,0x3e732820920d53da2c73613dc0a83be3cfd620df4e2f04178b7c546d4d6e9279,AMM,0x3b9c89fa75f71dd56861a722641119ca69bc0aed,0x66a9893cc07d91d95644aedd05d03f95e1dba8af
2026-04-24 05:21:35.000 UTC,0x23a162f3813cd97453d394ce27ff026340b6dd9eb149983834b33395e4a86006,AMM,0xd25914fbe6f589c3c4d75b6cdc57686ab986a542,0x66a9893cc07d91d95644aedd05d03f95e1dba8af
2026-04-24 05:21:35.000 UTC,0x9ab74971db40fcd7126d0de4f866baf23d01d9cad0d5d485ef53fa3e42a9e725,AMM,0x3c3dd70be82e23448894ca9352d9134bde138915,0x66a9893cc07d91d95644aedd05d03f95e1dba8af
2026-04-24 05:21:47.000 UTC,0x806f20d78ebb017576723fe4475813abb2dfd7de68edaa93784be5acac5f17a9,AMM,0x9fed6ad04cf7db729a9659cace8f162cab259ca8,0x66a9893cc07d91d95644aedd05d03f95e1dba8af
2026-04-24 05:21:47.000 UTC,0x9a7bdb5c8c98c1a9f2620511d605bf2516ea2ba91658ef7d1c98b659b27a6b5d,AMM,0x6c7dd55ad86ff808b932c66241f0b3dd982f1346,0x66a9893cc07d91d95644aedd05d03f95e1dba8af
2026-04-24 05:21:47.000 UTC,0x6784751a8c5ac784e222f87a4e294bc143f662514745a3b89ebbccf0137bbaae,AMM,0x4d0676a78cc0e04db2041ebcbdaca8ecb2288f9e,0x66a9893cc07d91d95644aedd05d03f95e1dba8af
2026-04-24 05:21:47.000 UTC,0xfbe77c2c42f0705fb1840f86bd63104072f7fdf2b3367d11743e0ec16e3fbf41,AMM,0xf0fb61dae7e3c87b999f0631e4eaf674b17964b2,0x66a9893cc07d91d95644aedd05d03f95e1dba8af
2026-04-24 05:21:47.000 UTC,0xadf037ca7ec8baaaaf986166fbd049719765d7b1028489e0493fd1cedd808648,AMM,0x38a95dad7af78bf550b71503e487e562270cbc2a,0x66a9893cc07d91d95644aedd05d03f95e1dba8af
2026-04-24 05:21:59.000 UTC,0xe49b4217188a5aa697adfcf48f3b97b21c96d17ca05b97b0be3bcc9577d3409f,AMM,0x9be6e68387d557880790f3259960ec3ef1dd9f4b,0x66a9893cc07d91d95644aedd05d03f95e1dba8af
2026-04-24 05:22:11.000 UTC,0x0b85e5e86c0d8de7cc5f3faa109df15d24561bcd6f276933da1bfbd9b9a8ffcc,MEV,0x1a7b866e39752668d82a669ab98b6b8a7f3384f1,0x3328f7f4a1d1c57c35df56bbf0c9dcafca309c49
2026-04-24 05:22:11.000 UTC,0xb9078f9b889e220b6942e67e83596179e3d999375917a2a4817d4af669dafda6,AMM,0xf15754b48e51ecf2bd33d47c1dcaadcf5fe1da3a,0x66a9893cc07d91d95644aedd05d03f95e1dba8af
2026-04-24 05:22:11.000 UTC,0xbef3a32228c4b44578dab6dbb4e7f81ff89d89edda36002338611916a8df9566,MEV,0x01a1a73db6e59aea6d77dd157ec8b8cf2a06af4f,0x3328f7f4a1d1c57c35df56bbf0c9dcafca309c49
2026-04-24 05:22:11.000 UTC,0x52603a4a188306b9c7d0e33028c8f2ff2ff0df22874c418cf147b5ef6863d4ab,AMM,0x295fc34f1742c4e8bd1bfeb3711be567919fa72d,0x66a9893cc07d91d95644aedd05d03f95e1dba8af
2026-04-24 05:22:11.000 UTC,0xc37ec3f93528b3675135cdd05a483fe4414f71ab937623c2becd9b0ca0139a03,MEV,0xa26fe02c84f2ee6010491b22cca0f52eee3e6128,0x3328f7f4a1d1c57c35df56bbf0c9dcafca309c49
2026-04-24 05:22:11.000 UTC,0x06a637fccc68097265d85856ce95d3b9a7c45c13a270d704c2cd40b8e6ea5d93,AMM,0xd8a55ca7dbff9555a94061c8c8290f2ce3231f0b,0x66a9893cc07d91d95644aedd05d03f95e1dba8af
2026-04-24 05:22:11.000 UTC,0x821c61b225f5ed63297b6df7796c4cb143f6330b7385958baeb17ccd53c851b9,AMM,0x8ca0a5d199f81775fc19da348828f2dc872eab44,0x66a9893cc07d91d95644aedd05d03f95e1dba8af
2026-04-24 05:22:11.000 UTC,0xe9ed0622cec0317a5246e68cd472bcb4d659220aa27b556df782d84b6fba32f3,AMM,0x2f95bef71a3a0427e32d0efd201add89b55ed10f,0x66a9893cc07d91d95644aedd05d03f95e1dba8af
2026-04-24 05:22:11.000 UTC,0x384a7a91ec620d36e00bec8f963ff176371dc703f24390b78d65bc89ed40f1c3,AMM,0x287c1abaa1be68951f27e9470a10d314a1ee6e4f,0x66a9893cc07d91d95644aedd05d03f95e1dba8af
2026-04-24 05:22:23.000 UTC,0x6c9586e91618f5d858b96f8920961b4a037b290eb77e68e91461df5159b97258,AMM,0xe528b9ad9a160883eb609865a75b57b2562ec24f,0x66a9893cc07d91d95644aedd05d03f95e1dba8af
2026-04-24 05:22:23.000 UTC,0x60bcabfc598d3f6658e74e88456f556492c7d2dcc3918156384b331b96afbed8,AMM,0x6f5cc195bad1e84d42c944f60c0d298c4d297ffc,0x66a9893cc07d91d95644aedd05d03f95e1dba8af
2026-04-24 05:22:23.000 UTC,0x11f2da186380fd31add883a82f5cbe73bc6aa431205b0ec57a10514d2757c988,AMM,0x22fa3c091c58362fd9399b9bc61f3e24d3d6a4d4,0x66a9893cc07d91d95644aedd05d03f95e1dba8af
2026-04-24 05:22:35.000 UTC,0x9bdf29fffb7351cefdbe13c77b5132a9169afe1e73393c5658053ddb2055e1e4,AMM,0xc0a1b44ef8ac57c062e8ada92e29f6bd66a1dc2c,0x66a9893cc07d91d95644aedd05d03f95e1dba8af
2026-04-24 05:22:59.000 UTC,0x74aea1fa725978fbff7a26c4c85398938baae3b44aef395045204d0f648afdc5,MEV,0x21f0b87b59d5dca3a9a9f07312d0fa41e595fe43,0x3328f7f4a1d1c57c35df56bbf0c9dcafca309c49
2026-04-24 05:22:59.000 UTC,0x1f139fcce0b69352362c67d4fa5119c25c9a02ab60175218ff13b7caaee495df,AMM,0x23867a1c4dc0a1f37efb95cdb231d9b21065697c,0x66a9893cc07d91d95644aedd05d03f95e1dba8af
2026-04-24 05:22:59.000 UTC,0x7852a1271b66e71c0555fd846d26dbcdd2edda69d40c80c085f4b074408590db,MEV,0x9b13c068ebc8d94b9f87c858e6b6895d7bc8fa4e,0x3328f7f4a1d1c57c35df56bbf0c9dcafca309c49
2026-04-24 05:22:59.000 UTC,0x99b61618f0f7742ff0842a9334e13eca1e427c5861546b5d41e6dc79256ed327,AMM,0x287c1abaa1be68951f27e9470a10d314a1ee6e4f,0x66a9893cc07d91d95644aedd05d03f95e1dba8af
2026-04-24 05:22:59.000 UTC,0x03d9129a49ea1b464f46b44e1e7384bcb2c158990c82d50e9044debb95e8d377,AMM,0xb6b120d2c68fd0920be9df90bc4c7cde69f11828,0x66a9893cc07d91d95644aedd05d03f95e1dba8af
2026-04-24 05:22:59.000 UTC,0x48f2d8515a9d1fa42e20659b421a2d778518a73269d3dea21f571393aa6d8332,AMM,0x926082fb05a01c1cf257a26d829406b6d8c85194,0x66a9893cc07d91d95644aedd05d03f95e1dba8af
2026-04-24 05:23:11.000 UTC,0x158642555b6d7769e773ac07aa83009eafac0ad7580d796e9f5238b84b106264,MEV,0xbc797ddda81a4fab61d4b504c098709f2b8ffb20,0x3328f7f4a1d1c57c35df56bbf0c9dcafca309c49
2026-04-24 05:23:11.000 UTC,0xc4ec1df6f78136e82a26b361500e3a585b12693d6c87a494d965222743a5745e,AMM,0x5b77ec2bb38fbedb16c9059ea67769b3aee58033,0x66a9893cc07d91d95644aedd05d03f95e1dba8af
2026-04-24 05:23:11.000 UTC,0x3a8dab033ff94b5755c21faba8165ffd3d65e579b43fb4f52480ce919f08cdaf,AMM,0xbd527afbf418f8d68956f88f0ee9172d2a8b579f,0x66a9893cc07d91d95644aedd05d03f95e1dba8af
2026-04-24 05:23:11.000 UTC,0xbe55daaa7e7cc22fc55d0f77998cbe099698a8559379d8c204bdea534d0e3b14,AMM,0x136c29ac5b2c63eea1fed54354dfc13c475a410a,0x66a9893cc07d91d95644aedd05d03f95e1dba8af
2026-04-24 05:23:23.000 UTC,0x0734bae558279d9572a5bbf6c6ce054b937a966a66afa6167983a5e6b1d91baa,AMM,0x7576b7869bd7ad8c8fb58a248d82f4e9fb0f55d6,0x66a9893cc07d91d95644aedd05d03f95e1dba8af
2026-04-24 05:23:23.000 UTC,0x2e25085f31b762603481900c92440770279fe2a10f863d5107ad91b0f0f80e6d,AMM,0xf467f4a00c250ebebfbde5bf377b4b8f0a29e27b,0x66a9893cc07d91d95644aedd05d03f95e1dba8af
2026-04-24 05:23:23.000 UTC,0xed75d46825f704e7c22987e5dbc73979f2eaae8bdb37b44c8459e1e312e94ee6,AMM,0x121558883de9fb6f632ec2153388e89f663b38ce,0x66a9893cc07d91d95644aedd05d03f95e1dba8af
2026-04-24 05:23:23.000 UTC,0xdc97426f1764d587801b8fba44c7584c8e78ca53d8b0e84065c23504c21e7953,AMM,0x3c3dd70be82e23448894ca9352d9134bde138915,0x66a9893cc07d91d95644aedd05d03f95e1dba8af
2026-04-24 05:23:35.000 UTC,0x40fc836488a2080ed3f4f787bcc85387b6860ffe0b8eb72b8aa5f5f5945a9755,AMM,0x8ca0a5d199f81775fc19da348828f2dc872eab44,0x66a9893cc07d91d95644aedd05d03f95e1dba8af
2026-04-24 05:23:35.000 UTC,0x2979151c1a9d27bdb1ee635a9185f9522719c6602784ba1e3e0b9d343fd62560,AMM,0x295fc34f1742c4e8bd1bfeb3711be567919fa72d,0x66a9893cc07d91d95644aedd05d03f95e1dba8af
2026-04-24 05:24:11.000 UTC,0x7c05e85310acccfbe86dcc575f0699d537399305d32949be4cc8da32e2fe8f4f,AMM,0x3a2787875ed68264bbbf29f939042523e03a6659,0x66a9893cc07d91d95644aedd05d03f95e1dba8af
2026-04-24 05:24:11.000 UTC,0x290fab0648747b0265ac1bac08f5cb3953a4698dce52de19fa1aa01a0551c35d,AMM,0xe223aa7fdb9eead6172132fe892a87d05ceeabad,0x66a9893cc07d91d95644aedd05d03f95e1dba8af
2026-04-24 05:24:11.000 UTC,0x5052c2ad5b9a4b1734d96d21670d50eb2e4ed33d66d3f13bd3a9d83da1e6aca0,AMM,0xbb6d772525c71e5ee1b6315b2d8c2d95d5e63f6f,0x66a9893cc07d91d95644aedd05d03f95e1dba8af
2026-04-24 05:24:11.000 UTC,0xaf164896fba581b8edbc4ee776d7ada6275ece9fe3b8c67e08565cfc4cedfa89,AMM,0x287c1abaa1be68951f27e9470a10d314a1ee6e4f,0x66a9893cc07d91d95644aedd05d03f95e1dba8af
2026-04-24 05:24:11.000 UTC,0xe21409f70ccef04d90e9841093c8685f12d4d62c786d06b0e0e519e798378a58,AMM,0x8c617aa8ad97d655239197edd8274c2c1bb2e942,0x66a9893cc07d91d95644aedd05d03f95e1dba8af
2026-04-24 05:24:11.000 UTC,0x3f75486f18c7b8bec1dae940f2b42d3ff4012386302efc6faf7495cbe0a648a9,AMM,0x39d216609f1d944e32379328e6f89b64b5e52a13,0x66a9893cc07d91d95644aedd05d03f95e1dba8af
2026-04-24 05:24:11.000 UTC,0x8ed875c23b86f54fcc982b1e4adf20c18b437801e91ec1526d2612724391526e,AMM,0xb319db87ac8590be9e89b5dd296272d89b0c5135,0x66a9893cc07d91d95644aedd05d03f95e1dba8af
2026-04-24 05:24:11.000 UTC,0x85084dc7a60108cfea6e6dee690691530012daa6d7197ce6493508da03496243,AMM,0xaa51b2c810edd5b4054fd98ab663e02d0e8b07ab,0x66a9893cc07d91d95644aedd05d03f95e1dba8af
2026-04-24 05:24:11.000 UTC,0x3d4e128d38f8b4157e205f52a87ea6a5c69b27b3f6d24e65a0ace401ad94633e,AMM,0x17d9008eda9eea957ec8db3a9f30c7ef89c59b58,0x66a9893cc07d91d95644aedd05d03f95e1dba8af
2026-04-24 05:24:11.000 UTC,0x67f6045268e270b8b0e97a4fd80fb4e1e9fd1469730268364d5313ce75907025,AMM,0x32a52267f8db89beec1f823339c8a9def9204ae7,0x66a9893cc07d91d95644aedd05d03f95e1dba8af
2026-04-24 05:24:23.000 UTC,0x20c8f55ac18278a20f9a647a802dc34d693f9c127dd78b80a06cd7467cfc6a12,AMM,0x3c3dd70be82e23448894ca9352d9134bde138915,0x66a9893cc07d91d95644aedd05d03f95e1dba8af
2026-04-24 05:24:35.000 UTC,0x8bc27f2e6fbde078e3eb9bd038fccd25e6624bf7039fe9ec383a8ea8667ad865,AMM,0x30c1a6bb74c42a410232d26b06742a44689363b5,0x66a9893cc07d91d95644aedd05d03f95e1dba8af
2026-04-24 05:24:35.000 UTC,0x362079921a68ab1d038cd1fad9e207923fbd4da074a1ebd1f924ea61f11ac1ba,AMM,0x0fe5e53f361138da714255a74a6e9fe14e54a6da,0x66a9893cc07d91d95644aedd05d03f95e1dba8af
2026-04-24 05:24:35.000 UTC,0x07c589f7354b8f36a52928a480185c401f199db74cc11b9481d20db91836972b,AMM,0xdcf7f5a871c97df8cff0c5f60efeb4e39c4399cf,0x66a9893cc07d91d95644aedd05d03f95e1dba8af
2026-04-24 05:24:47.000 UTC,0x23a2cbfbbcffe35f8680e491d36e410b5230b2c178cb113f9b4bb595138587a5,AMM,0x1c17afa4e560a9dc787692e6207de6413f21d3f9,0x66a9893cc07d91d95644aedd05d03f95e1dba8af
2026-04-24 05:24:47.000 UTC,0x9d53c24a2f778409e6f9187a6be07748c73e098c6c896520f3a800fc27a8ff05,AMM,0x8e879a0b09b01c4a0763fe5797de62253c4a82d1,0x66a9893cc07d91d95644aedd05d03f95e1dba8af
2026-04-24 05:24:47.000 UTC,0xad57a953e6086fc41d3c205392cca65ac0b230740b8f417c470988782c6c187a,AMM,0x37268d8615daa91a20e72c873948c45688ce1d2f,0x66a9893cc07d91d95644aedd05d03f95e1dba8af
2026-04-24 05:24:47.000 UTC,0x7659f50d6dc6b1ac1ac3d16e652fa3af1b0b04a6ddca87e5e1e5b67983438ff2,AMM,0x6c7dd55ad86ff808b932c66241f0b3dd982f1346,0x66a9893cc07d91d95644aedd05d03f95e1dba8af
2026-04-24 05:24:47.000 UTC,0xc8e4e97940bd2fcada34c49eaf1ae406adb2ad96a15922f353d259379a3429f4,AMM,0x750e70496c9ebe5a13551f0147e02206861869a4,0x66a9893cc07d91d95644aedd05d03f95e1dba8af
2026-04-24 05:24:47.000 UTC,0x5dceb31a3411115f3ec8b89a6f39d683bf79f90b2d49b4ea8dfe02fa72fd1195,AMM,0x440277f9d7329eb60ebe7c2f1bcc1566341b4117,0x66a9893cc07d91d95644aedd05d03f95e1dba8af
2026-04-24 05:24:47.000 UTC,0x59d1f643984c21bbb94f939f7c6e1860432cba1bd5eff6e4ebd5222beca71020,AMM,0xcad136e593ae50cd1563d2b276d553008f65182d,0x66a9893cc07d91d95644aedd05d03f95e1dba8af
2026-04-24 05:24:59.000 UTC,0x24d467b22606792d49c0e1460293bedb5801e20cfd93134627946b172327e14a,MEV,0xef4842512fbf401155c94c8ade1edd78419a3fe8,0x3328f7f4a1d1c57c35df56bbf0c9dcafca309c49
2026-04-24 05:24:59.000 UTC,0xb1f7a72fdd578aaf729e04e7d327a0265b1125235504656aa6b2e24edef6c783,AMM,0x366976d603b89e69003a25a0db36fe52df8d79fc,0x66a9893cc07d91d95644aedd05d03f95e1dba8af
2026-04-24 05:24:59.000 UTC,0x6d508244590957ccea4dc89dc06f15633e21243bec3f9f8c5235383b62c66815,AMM,0xe7feaf68a87dff9dc156bec1b465c93ee69fb146,0x66a9893cc07d91d95644aedd05d03f95e1dba8af
2026-04-24 05:25:11.000 UTC,0x2b7fb428eb296c5ee7c58437e6206eeac010af6f82050f0cfebb4e7fa367a610,AMM,0x440277f9d7329eb60ebe7c2f1bcc1566341b4117,0x66a9893cc07d91d95644aedd05d03f95e1dba8af
2026-04-24 05:25:11.000 UTC,0x61ed8d34682da232de802087d3bf385527d7e77aea112d323b3dae53c89fa48a,AMM,0x9785aef755fc438f8316c446e3120b0b2b4dc858,0x66a9893cc07d91d95644aedd05d03f95e1dba8af
2026-04-24 05:25:11.000 UTC,0xdb1abdf7022876c28dce3a68d139469dbb7a5bb6eba53460c7d65ad3cbe259e3,AMM,0x1c17afa4e560a9dc787692e6207de6413f21d3f9,0x66a9893cc07d91d95644aedd05d03f95e1dba8af
2026-04-24 05:25:23.000 UTC,0x16776a9a4c1b657b1117da3927001655c0de4af6ae2f325cdda6ad103066afd9,MEV,0x3b11b300405df114c5ac4c66bffe6addd0a4b3cb,0x3328f7f4a1d1c57c35df56bbf0c9dcafca309c49
2026-04-24 05:25:23.000 UTC,0xc1fa9b8d1d1c2a12aa1061ae024d57d4adc90b162a32cbfe23c4708597a8b044,AMM,0x1447cce860310420d347d1cd71d5e6c82271f8e2,0x66a9893cc07d91d95644aedd05d03f95e1dba8af
2026-04-24 05:25:23.000 UTC,0x7fe33ecbffd4393c5666152cb616fa2e9d9e19ab2bbd7655647b2dc708e595ac,MEV,0x48236665cc6124599faf9506ca1827e6dcaf09fd,0x3328f7f4a1d1c57c35df56bbf0c9dcafca309c49
2026-04-24 05:25:23.000 UTC,0xd9b7da90336370c210a50396eb8cd79241dce67e7e02c5fe3390b240d38b3640,AMM,0x3850ed40cef7c08597e6e7876fc5fc2744170b2b,0x66a9893cc07d91d95644aedd05d03f95e1dba8af
2026-04-24 05:25:23.000 UTC,0xd14a395cbf1a0096c1df799d2156ddf002cb7b30607e9208d1aa32330f109501,AMM,0x440277f9d7329eb60ebe7c2f1bcc1566341b4117,0x66a9893cc07d91d95644aedd05d03f95e1dba8af
2026-04-24 05:25:23.000 UTC,0xf572f25c3c86d270da9347a96cf2a4621811e5c3ab993984d257ad400c560f6b,AMM,0xb319db87ac8590be9e89b5dd296272d89b0c5135,0x66a9893cc07d91d95644aedd05d03f95e1dba8af
2026-04-24 05:25:35.000 UTC,0x59419f9cd3ce2f2951a9b06e4e8c27e55d17a6b172165d9636b72e0d64552edb,AMM,0xa6021a7617251b2c8549a0d64a18ab2d095b3e2c,0x66a9893cc07d91d95644aedd05d03f95e1dba8af
2026-04-24 05:25:35.000 UTC,0x7651d6eedeb97bf0f4aa9af74094a4d8afb5809759e0975c340483a9ed6a80b0,AMM,0x8a906eaaa9ba736c57315177411068e67b28c194,0x66a9893cc07d91d95644aedd05d03f95e1dba8af
2026-04-24 05:25:35.000 UTC,0xe0aff594b1e96886dcf656a07dfa3433c0f837e4c2f0e7a217172fb14d57d2e2,AMM,0x287c1abaa1be68951f27e9470a10d314a1ee6e4f,0x66a9893cc07d91d95644aedd05d03f95e1dba8af
2026-04-24 05:25:35.000 UTC,0xe337dadd682830ca72ae48f1e5a62ff90728fd363d57dfb42c0bb3d3de815a39,AMM,0x6c7dd55ad86ff808b932c66241f0b3dd982f1346,0x66a9893cc07d91d95644aedd05d03f95e1dba8af
2026-04-24 05:25:35.000 UTC,0xb37ca73b3189509323e46e43c648b5848b06a59a362f3cae679f4395b67c6595,AMM,0xb8a52fff0c16c27aff3b718cadffb19ec21f7c8e,0x66a9893cc07d91d95644aedd05d03f95e1dba8af
2026-04-24 05:25:35.000 UTC,0x57caaca0287d2391d596b9e8f2f2beb59eb1b406a7110bfd2fe638013483e064,AMM,0xdda2564516682d9dc693ee335d2a2f2fc1c02442,0x66a9893cc07d91d95644aedd05d03f95e1dba8af
2026-04-24 05:25:35.000 UTC,0x20bdf4064201eb463448a97cf75232474da4b0470c9970d6a41e12915557e901,AMM,0x295fc34f1742c4e8bd1bfeb3711be567919fa72d,0x66a9893cc07d91d95644aedd05d03f95e1dba8af
2026-04-24 05:25:35.000 UTC,0x215d2527c1b555c92faf081a51b36dc0d64a186fb63432dfce367190c864dfce,AMM,0x440277f9d7329eb60ebe7c2f1bcc1566341b4117,0x66a9893cc07d91d95644aedd05d03f95e1dba8af
2026-04-24 05:25:59.000 UTC,0x2d29d5e05343d44da7b0fa2f44ece2f2b51b8eac3b169775ea48f9285a7246f5,AMM,0x7c8f89302a501ec7474ddad0b1abb7a22440981e,0x66a9893cc07d91d95644aedd05d03f95e1dba8af
2026-04-24 05:26:23.000 UTC,0xc02da84e79eb8fd175fd9540bfccaf30141e3e5a7c796eda0b49ebbf43b51728,MEV,0x36aee1d1e937bd719ae0524522fac570d0233686,0x3328f7f4a1d1c57c35df56bbf0c9dcafca309c49
2026-04-24 05:26:23.000 UTC,0x1e2fc96b65e68188129498f052b17d40ba9308454649fe71dcbc0d0faa3d9af7,AMM,0x9c865016b71f6d1254182475ee9fa545754d240c,0x66a9893cc07d91d95644aedd05d03f95e1dba8af
2026-04-24 05:26:23.000 UTC,0x6f880174158ab083819ecc526928a068e53a67b040e7baba2ed9f684e11ba9bf,AMM,0xae4611cae4846e015383d6dc149f293633f1973d,0x66a9893cc07d91d95644aedd05d03f95e1dba8af
2026-04-24 05:26:35.000 UTC,0x0f7fd5664c259c2389cadabf86bc1d95de2b4d667abcc3bd03459b623ab76b64,AMM,0x1c0aff3a75512455ff1d148e55ded32dedacd04c,0x66a9893cc07d91d95644aedd05d03f95e1dba8af
2026-04-24 05:26:35.000 UTC,0xd0b6102c05138ab813daa0f295f17c05dd2ee78229fef9d1c699d631aaf36525,AMM,0xedb81afaecc2379635b25a752b787f821a46644c,0x66a9893cc07d91d95644aedd05d03f95e1dba8af
2026-04-24 05:26:47.000 UTC,0x21975e83347fb6f1fe7feb78ad274f5111c520c0b7c04531c02145270c20a6ce,MEV,0x1118f8b1e5ee723d719785785ff062423ae2ba0e,0x3328f7f4a1d1c57c35df56bbf0c9dcafca309c49
2026-04-24 05:26:47.000 UTC,0xdde43916e95aa4014696d8fa25079b1e0617b6c685cc00d33b0a6845205a82f3,AMM,0xbd335029abb90313cecfea37d1dc040623963c3b,0x66a9893cc07d91d95644aedd05d03f95e1dba8af
2026-04-24 05:26:47.000 UTC,0x598e5162d994226c64ab9dda3e7cdb5fe827102195e64c69a9a0187ad08f87da,MEV,0xb2c484bcd38fd0324cf04941ee0fb47c712aae7d,0x3328f7f4a1d1c57c35df56bbf0c9dcafca309c49
2026-04-24 05:26:47.000 UTC,0xc84af580c541076d4a11671807858024f42e095da1b781afb37d06fea8b16602,AMM,0xc0a1b44ef8ac57c062e8ada92e29f6bd66a1dc2c,0x66a9893cc07d91d95644aedd05d03f95e1dba8af
2026-04-24 05:26:47.000 UTC,0x0e590be7ade9e2f6eb33a8af30ab8efbab3a229c402e02fb9382f9e3048790ab,MEV,0x6b51c424850c17d9a9bae4bf6a050aba89ce3519,0x3328f7f4a1d1c57c35df56bbf0c9dcafca309c49
2026-04-24 05:26:47.000 UTC,0xf2a6d275841e48b687ae5ff5e3eee9898f1096b89c11ff8b7789843b9fedc6a6,AMM,0x4bae89ac2c4d34eeda13ff3952bf718b6fdf0f66,0x66a9893cc07d91d95644aedd05d03f95e1dba8af
2026-04-24 05:26:47.000 UTC,0x76ffd8c6b80dd27ef1251e03e5a20b0ce81d756bbb9c79713c95001df5ff674d,MEV,0x8d9687f6d675584c7263f1449182fc099e2d4a7c,0x3328f7f4a1d1c57c35df56bbf0c9dcafca309c49
2026-04-24 05:26:47.000 UTC,0x2bf8bcbea88c75426ae2661d1e7633eb484d6523efef3e2d7e47d8265e2b11a8,AMM,0x653c6c4859c69e5df0f86184f3203aeb2b3a3773,0x66a9893cc07d91d95644aedd05d03f95e1dba8af
2026-04-24 05:26:47.000 UTC,0xa4a0fc7255263993e1ed9e194cf8b4754e77a32de9ab002eef28794e48eb15f3,MEV,0x89ce04e0c4558be2f8c7804ca9da6948c0c3f964,0x3328f7f4a1d1c57c35df56bbf0c9dcafca309c49
2026-04-24 05:26:47.000 UTC,0xce5d3405a78b6ac366fae473e5131f5b3bd0f4e4c2f0292871d5790914660753,AMM,0xa6021a7617251b2c8549a0d64a18ab2d095b3e2c,0x66a9893cc07d91d95644aedd05d03f95e1dba8af
2026-04-24 05:26:47.000 UTC,0x0fd487ce7a0cc8245fe38e8ab755e81a2dec0784fd6548933655d9244ccc984f,AMM,0xf3cc3accbc3df0384d689585bbafdad268003b12,0x66a9893cc07d91d95644aedd05d03f95e1dba8af
2026-04-24 05:26:47.000 UTC,0xe78d8d3c45ac66c5ce154ed64c6204800e289fece10e0a7640a05a87f88af07d,AMM,0x22a03778c664a0d0e1db5a93ffc75ed3730e5fbb,0x66a9893cc07d91d95644aedd05d03f95e1dba8af
2026-04-24 05:27:11.000 UTC,0xcfd50492a2cea4db822b8368dd5270679dfd7e27da120138eabf5932abb0b88c,AMM,0x97b92226f535a752ca9775f77ae1c63636aa6547,0x66a9893cc07d91d95644aedd05d03f95e1dba8af
2026-04-24 05:27:11.000 UTC,0xcbd39886dcd48bff668ccf97d1c1e4607abfe4ecc0c8c65a838a9c1d5db83f71,AMM,0x555e487fb6ccc7779e0208c53a08f543a7f3d103,0x66a9893cc07d91d95644aedd05d03f95e1dba8af
2026-04-24 05:27:11.000 UTC,0x19edb152b3a3de9316ad89bce75c48ffbd30f7c0ee6ae802bc99f930386a2c81,AMM,0x1a4572801b40db74c1c8f2947ce01c55f35842ac,0x66a9893cc07d91d95644aedd05d03f95e1dba8af
2026-04-24 05:27:11.000 UTC,0xaa01b8ce94b844f9a400d1ac634f44477312fcb39399ea0ebfadbe3c9d79771c,AMM,0xb319db87ac8590be9e89b5dd296272d89b0c5135,0x66a9893cc07d91d95644aedd05d03f95e1dba8af
2026-04-24 05:27:11.000 UTC,0xa40db38a1e2926d8f17378977b4426101caf4423b89c654ef082a163ba5d1cae,AMM,0x5125011f8749f7c4dfe4e9585c6dc62e3f9e00a6,0x66a9893cc07d91d95644aedd05d03f95e1dba8af
2026-04-24 05:27:11.000 UTC,0xaf295bad1e3818529c949e540a7a222607aa4f086d1cff68df8fd02863ba6138,AMM,0xe51faf16f4ee8cc168949077ac624e745bb93720,0x66a9893cc07d91d95644aedd05d03f95e1dba8af
2026-04-24 05:27:11.000 UTC,0x0b7b6ab55782eeec8bdf4ad314d16bf70012446a2fa6f467c0af01710c76becd,AMM,0xb2467b0a3e2e338c52ea6b1b449c86c908345cb0,0x66a9893cc07d91d95644aedd05d03f95e1dba8af
2026-04-24 05:27:11.000 UTC,0x3597cc5ae426a0189a5231fc77b5e3bdb4c716c83e721ef1ff38485b5e20e34c,AMM,0x287c1abaa1be68951f27e9470a10d314a1ee6e4f,0x66a9893cc07d91d95644aedd05d03f95e1dba8af
2026-04-24 05:27:11.000 UTC,0x5cf802b5091f645e378cb7b698701ca9714d0696fbe5636d267714fbfcd3240b,AMM,0x22a03778c664a0d0e1db5a93ffc75ed3730e5fbb,0x66a9893cc07d91d95644aedd05d03f95e1dba8af
2026-04-24 05:27:11.000 UTC,0x6f3d92a6745e550164b5e7b6d72955a62ad28baab084dfc3584a2ac22a575a33,AMM,0xf6a7973fe1dfe29fc07279e9c4893ac715f55a60,0x66a9893cc07d91d95644aedd05d03f95e1dba8af
2026-04-24 05:27:23.000 UTC,0x6ec3e40416c485018a2153b6e32b955bfc5101b2c2f82adf55f1e2552cc6de75,AMM,0x9097af93c296ee5bd2bede0ed35c70ec10a9b302,0x66a9893cc07d91d95644aedd05d03f95e1dba8af
2026-04-24 05:27:23.000 UTC,0xda26611b7be853efcf0862e14268cf3eadfe526cf8468a3fac9f402fa49f97f7,AMM,0x1ca2d90ece7e885627227f24fccb8789a1f36c6d,0x66a9893cc07d91d95644aedd05d03f95e1dba8af
2026-04-24 05:27:23.000 UTC,0x16dc415553627d3f5bf5ae41c853fdcb8fdea161613b92ea39e1279302552f7e,AMM,0x22a03778c664a0d0e1db5a93ffc75ed3730e5fbb,0x66a9893cc07d91d95644aedd05d03f95e1dba8af
2026-04-24 05:27:35.000 UTC,0x469eb53ce71e421f089a88c246a382cd9ecfb8754077bb2c524f05867c952687,AMM,0x26a991770d72c1ff9246eadbde07a3fea8bf223b,0x66a9893cc07d91d95644aedd05d03f95e1dba8af
2026-04-24 05:27:35.000 UTC,0xd4ce00bdd68d969af2310f9715cfc8207a69e43af4160c3c3a4ba1cd44083223,AMM,0xb2467b0a3e2e338c52ea6b1b449c86c908345cb0,0x66a9893cc07d91d95644aedd05d03f95e1dba8af
2026-04-24 05:27:35.000 UTC,0x9a93a012e76edafe46408cfb0b677c866aca2004f99d2704dc2e5c1be06841f8,AMM,0x5aad547914b052f03caf9a73b347520083d74820,0x66a9893cc07d91d95644aedd05d03f95e1dba8af
2026-04-24 05:27:47.000 UTC,0x3520a0288122a0febb5658e2b5d377023c90474ea4b822b0fa791142393720a0,AMM,0x3850ed40cef7c08597e6e7876fc5fc2744170b2b,0x66a9893cc07d91d95644aedd05d03f95e1dba8af
2026-04-24 05:27:47.000 UTC,0xcacf024b36251d792d22db05d5bfd41a9489c0cc5632ef245b6cf9a8434aeb24,AMM,0x7977b909d55a53f9c73140f7f611eaf0638238ed,0x66a9893cc07d91d95644aedd05d03f95e1dba8af
2026-04-24 05:27:59.000 UTC,0x45f6a77f0fc2981c67e9414f0012611af1e32925b0da4c1e1cf628a41e59b667,MEV,0x5638484ba2d2f1d1d35020572b0aa439a9869192,0x3328f7f4a1d1c57c35df56bbf0c9dcafca309c49
2026-04-24 05:27:59.000 UTC,0x20dbb79946cb6e4e40d1a1538577b3bff58f0c989e7c5d9752f221ab087c9fd4,AMM,0xc2575b11d6a6f54c1c3e89b801a0e082f2d6b2de,0x66a9893cc07d91d95644aedd05d03f95e1dba8af
2026-04-24 05:27:59.000 UTC,0xb5ddd65f954114b242bd93aee280f1f2b1441800e01d007987f3676cfc9394c4,AMM,0x76fd718aa43ae33a3632dcc06b78adcc802aae18,0x66a9893cc07d91d95644aedd05d03f95e1dba8af
2026-04-24 05:27:59.000 UTC,0x56586ddbe5c38699234abd0e49e3ed20e67fd835fc27035d3c5f49becb79a432,AMM,0xfe8e9273ab86b12c0102202f3daa073eb14a509f,0x66a9893cc07d91d95644aedd05d03f95e1dba8af
2026-04-24 05:27:59.000 UTC,0xf5071b038e24b21217db4390856e05d9a87eec939a72cc701e38796f47db5ede,AMM,0xf54f031af0e242c7a682263f063e18c695f7c244,0x66a9893cc07d91d95644aedd05d03f95e1dba8af
2026-04-24 05:28:11.000 UTC,0x725c137c93471a3946d97f58ebc75494c9da0787b8f0233fbb87af7e73e72e51,AMM,0xf04d38423e1c1f18c85c44e5ef1b9f1fdff1c46f,0x66a9893cc07d91d95644aedd05d03f95e1dba8af
2026-04-24 05:28:11.000 UTC,0xf1b0e88c5113be8fb1e9f65453fa738b362cd7a8453ac395ace6e4e8808e016a,AMM,0xedb81afaecc2379635b25a752b787f821a46644c,0x66a9893cc07d91d95644aedd05d03f95e1dba8af
2026-04-24 05:28:23.000 UTC,0x6f2df89822796da506cc701683aec6aaf4a373be34bbfcdf68efef4fc6091c45,NFT,0x8bc0291b3cb8ba3e01725053a723d910bedb987e,0x00005ea00ac477b1030ce78506496e8c2de24bf5
2026-04-24 05:28:23.000 UTC,0xa7f260e03e67c58e924417b8aefdf8e2da49acafdf79187dcf54e19cbf00b1b2,AMM,0xfbf84e4e1d07799635be37073d545d5762c4433d,0x66a9893cc07d91d95644aedd05d03f95e1dba8af
2026-04-24 05:28:23.000 UTC,0xa1ea9cb8128fdffbd2048632170d0733191d059bd6f4674cc4a85bbf87dbaae6,MEV,0x1bd2ef1400683db1ef03c1a6745d7433464b6b8b,0x3328f7f4a1d1c57c35df56bbf0c9dcafca309c49
2026-04-24 05:28:23.000 UTC,0xb5922998672698be2dcc1c8d04289793e6b5a12c3b8b6653537e57b683efccd0,AMM,0x0bd9fdcd00f622e3ea31d355d8e97d14cd3ec527,0x66a9893cc07d91d95644aedd05d03f95e1dba8af
2026-04-24 05:28:35.000 UTC,0xaf65cac8adfe906e24bd183ef75db7c4b22c4f4cb69d491347af9ae9868a7c8c,AMM,0x26a991770d72c1ff9246eadbde07a3fea8bf223b,0x66a9893cc07d91d95644aedd05d03f95e1dba8af
2026-04-24 05:28:35.000 UTC,0xa51a895d33ecb71f5f35d7169877f37ee963206bdabbd2a89f42ff8f889ed068,AMM,0xa8dfb8cc7f9843c3e7bec636bd08c3487b72dc40,0x66a9893cc07d91d95644aedd05d03f95e1dba8af
2026-04-24 05:28:35.000 UTC,0xd5039eb14cc079a535104a63898c2bb76954c95c8be6b5c1e7c2b04715640f86,AMM,0x440277f9d7329eb60ebe7c2f1bcc1566341b4117,0x66a9893cc07d91d95644aedd05d03f95e1dba8af
2026-04-24 05:28:35.000 UTC,0x4f61caf551d6f593812b8fde2997ea3abb426dd2917cf6b4d05e6d7c3d16d2a4,AMM,0x40230488c769dbca1a6f288b38fe817f1b3cf202,0x66a9893cc07d91d95644aedd05d03f95e1dba8af
2026-04-24 05:28:59.000 UTC,0x2fd31d54b369532361b7a3a43ad4ce3d4868d47ecd32c2092d7d1e46517f2ac2,MEV,0xa99416605785b6ccea16ef2730d7f83f73cf1587,0x3328f7f4a1d1c57c35df56bbf0c9dcafca309c49
2026-04-24 05:28:59.000 UTC,0x4a8786209fb024ad88e57fd90b58d3f0d40e0e2e1e967bab97ac19158b6ab5e7,AMM,0xe7feaf68a87dff9dc156bec1b465c93ee69fb146,0x66a9893cc07d91d95644aedd05d03f95e1dba8af
2026-04-24 05:28:59.000 UTC,0xe0bdc2eb2a63aeff826dc539c92a90949b242166088822b585f09e6798af067b,AMM,0xafe273ff08f2f4e7a7685b1531772cd1a829eefe,0x66a9893cc07d91d95644aedd05d03f95e1dba8af
2026-04-24 05:28:59.000 UTC,0xc682d6a450cd3670f7a3d721ef277f74707211ebb4a65b6241d0e9e06e3501dd,AMM,0x3c3dd70be82e23448894ca9352d9134bde138915,0x66a9893cc07d91d95644aedd05d03f95e1dba8af
2026-04-24 05:28:59.000 UTC,0xdedaf8eee48c2c969d4cfb5191f7463255a187a12199944ecbede45d591812a5,AMM,0x082f029a91271c52ff28164f147dc0d1fee74a94,0x66a9893cc07d91d95644aedd05d03f95e1dba8af
2026-04-24 05:28:59.000 UTC,0x30ed988e2b262d6ebebde71067a2cf57372a4a55358463ff5f244bba3e2d91f0,AMM,0x00fdb3f4b701d5152f852ebe6e946c11d48252fa,0x66a9893cc07d91d95644aedd05d03f95e1dba8af
2026-04-24 05:28:59.000 UTC,0xf023733e7fa1a9678651b12071a9af0399298c007ba0c45123eb69c5b7fd81b9,AMM,0x05bf88842d69430e6e3d4ce06cbbdda7c264f889,0x66a9893cc07d91d95644aedd05d03f95e1dba8af
2026-04-24 05:28:59.000 UTC,0xb524d08fd2724e1d6d3ddfae1eb62bc8876621d18ae6bb700ab393207a973302,AMM,0xf3cc3accbc3df0384d689585bbafdad268003b12,0x66a9893cc07d91d95644aedd05d03f95e1dba8af
2026-04-24 05:28:59.000 UTC,0xa839f041e261ee6869b96c74393377993a2e71ea9bf6fe78f90f37e7128af1c6,AMM,0x296302a11d4c59e680493a4e226113bb2c83c1ad,0x66a9893cc07d91d95644aedd05d03f95e1dba8af
2026-04-24 05:28:59.000 UTC,0xc924a8c5203dcaa7eb38f7b491924e64bab9e14e00b2a5806f259bd3b94bf045,AMM,0x99e52400f1762e37ffd6ded2743da12f5941252b,0x66a9893cc07d91d95644aedd05d03f95e1dba8af
2026-04-24 05:29:11.000 UTC,0xbcf634ab05c4069163ced062b92ed1a65fb275963f376dee3bc2e835a275354b,AMM,0x8bd30bedd8d81c79c1bd5ca652af239493264623,0x66a9893cc07d91d95644aedd05d03f95e1dba8af
2026-04-24 05:29:11.000 UTC,0xf3b9a43cd1be9c1c980347ce16f09d29c46bfb8a2de72cf065d5209df3e0dc62,AMM,0x3850ed40cef7c08597e6e7876fc5fc2744170b2b,0x66a9893cc07d91d95644aedd05d03f95e1dba8af
2026-04-24 05:29:11.000 UTC,0xd6a5984fb8db1ea16cc8db1d73c062dee217a4d9c79ff26de0cb49966855da9d,AMM,0xd8e08dd845c5c87a689e43f3cc8dee219ae4d7b3,0x66a9893cc07d91d95644aedd05d03f95e1dba8af
2026-04-24 05:29:11.000 UTC,0xd774fd13de19dd4b695cb1d6ce4e14a9854baab04e12b92c5d74d7d0e9bb3abd,AMM,0xa221569118a9f7b8ce73f9c85272d5a095ca6fc0,0x66a9893cc07d91d95644aedd05d03f95e1dba8af
2026-04-24 05:29:23.000 UTC,0x469d34b1b152f0830baaee496e1001af4a2d222ee44eab20a8e965cec4d9e2e4,AMM,0xf3cc3accbc3df0384d689585bbafdad268003b12,0x66a9893cc07d91d95644aedd05d03f95e1dba8af
2026-04-24 05:29:23.000 UTC,0x62902624c45e9618db5d6ee3bdd1df6523165b05f6d8714f8bc4df03aac7c0fa,AMM,0xf9abac1f9e56b097ff8f4d45f56960f64d8982dc,0x66a9893cc07d91d95644aedd05d03f95e1dba8af
2026-04-24 05:29:35.000 UTC,0xafaefe766900233cc4321c48c1bb8e00f4e3c63fe752d76dc85dbbbb3d5f738e,MEV,0x36aee1d1e937bd719ae0524522fac570d0233686,0x3328f7f4a1d1c57c35df56bbf0c9dcafca309c49
2026-04-24 05:29:35.000 UTC,0xa0cd0223dce77a3b52ff8971cbe84b26298a39c49ab310172826cea8a3c96ffa,AMM,0xee4f60f4e6ee90dfa8ed0562b60ed2cc636cd388,0x66a9893cc07d91d95644aedd05d03f95e1dba8af
2026-04-24 05:29:47.000 UTC,0x243adf1b8559db9e71899a183c6f6d207c3dd7d32ea38054013ab10b0b4c4743,AMM,0x6d7c3f97507eb770fa8ec299096a662421eb91f8,0x66a9893cc07d91d95644aedd05d03f95e1dba8af
2026-04-24 05:29:59.000 UTC,0x64c5462fd211a538c26693d561511b91fdadc3e53995f012523719c5f627b78a,AMM,0x8b91883d441217a32c33897923607a5a9ef0020d,0x66a9893cc07d91d95644aedd05d03f95e1dba8af
2026-04-24 05:29:59.000 UTC,0x4893fa2c2691c8c60bbde2d006e09103a237209bb6e077275a9105118159993f,AMM,0xbdd7c39bcfadef4777bf1d72cc10daf745756d78,0x66a9893cc07d91d95644aedd05d03f95e1dba8af
2026-04-24 05:29:59.000 UTC,0xd709f57dcec84fee8d559470272dcc17bdca778fa31856a2b2ace13d5d289360,AMM,0x082f029a91271c52ff28164f147dc0d1fee74a94,0x66a9893cc07d91d95644aedd05d03f95e1dba8af
2026-04-24 05:30:11.000 UTC,0x059941e8aafe7915d2c80e1aeb7a0cabefc42e51fcd6e6dc43fe4fe7523290c0,MEV,0xb2c484bcd38fd0324cf04941ee0fb47c712aae7d,0x3328f7f4a1d1c57c35df56bbf0c9dcafca309c49
2026-04-24 05:30:11.000 UTC,0x0e70add641435dc7bf8b40acef207756d9b920c51aeeaf984c2d455a6ac8dc99,AMM,0x0883a56f030e68acf04fdbac14a87d66be2174a3,0x66a9893cc07d91d95644aedd05d03f95e1dba8af
2026-04-24 05:30:11.000 UTC,0xd62f77cee1cf0efda73693556c0f1621306ba3ea8e39d82e4b0099a0aeafab83,MEV,0x1118f8b1e5ee723d719785785ff062423ae2ba0e,0x3328f7f4a1d1c57c35df56bbf0c9dcafca309c49
2026-04-24 05:30:11.000 UTC,0x73d5192258478959aa4cb777534afdeac332981741a352fc5ab2316f6816b616,AMM,0xbec5d998be7259cf8fbc76761a9d78e6a3c91cc9,0x66a9893cc07d91d95644aedd05d03f95e1dba8af
2026-04-24 05:30:11.000 UTC,0x6ca9dcca25ec94d7c4ec2c25dcb5b0e2b53981e0bb439725c117a4c21ce9ec98,MEV,0x89ce04e0c4558be2f8c7804ca9da6948c0c3f964,0x3328f7f4a1d1c57c35df56bbf0c9dcafca309c49
2026-04-24 05:30:11.000 UTC,0x526eae848e84f183ef71bc8ed901d0672dbb69aa4b5b6690127627dfd82f7c9c,AMM,0x4e90c81d3b4db1ba8106ecf16b63c4a69cac6aae,0x66a9893cc07d91d95644aedd05d03f95e1dba8af
2026-04-24 05:30:11.000 UTC,0xc24fe9cb4d571df4c8c1731544d45d3c14ae2d84f5258d4917d23b92f2dc7ecc,MEV,0x8d9687f6d675584c7263f1449182fc099e2d4a7c,0x3328f7f4a1d1c57c35df56bbf0c9dcafca309c49
2026-04-24 05:30:11.000 UTC,0x7dcf51500e6655c191a4eb3bcf78762adad26eb51442cfec6acc284c9d8776d3,AMM,0x3c3dd70be82e23448894ca9352d9134bde138915,0x66a9893cc07d91d95644aedd05d03f95e1dba8af
2026-04-24 05:30:11.000 UTC,0x8259948ab609f82a6023da3404778b0ae53c69f130dff9732ce6438650244f32,MEV,0x9ac57d9ee42e83ac379ef1318931dc4ac8ace1f6,0x3328f7f4a1d1c57c35df56bbf0c9dcafca309c49
2026-04-24 05:30:11.000 UTC,0x02ba9e69a4ed325cb82854e5d8db9883eb3e6f2ede284a758424cdff71e21bbd,AMM,0x6d7c3f97507eb770fa8ec299096a662421eb91f8,0x66a9893cc07d91d95644aedd05d03f95e1dba8af
2026-04-24 05:30:11.000 UTC,0x31b192254fff843819cedb6385f5e1f4a4a2d1621b547f3a638d47d33cf2b00c,MEV,0x6b51c424850c17d9a9bae4bf6a050aba89ce3519,0x3328f7f4a1d1c57c35df56bbf0c9dcafca309c49
2026-04-24 05:30:11.000 UTC,0x21d66e1bd96b3be1b29f6fc0b2590680ea24f36179abd0dc67abae818cb19012,AMM,0x604f64a41b2f3a7b1a0f6c19bc6d6a3e4b296127,0x66a9893cc07d91d95644aedd05d03f95e1dba8af
2026-04-24 05:30:23.000 UTC,0xa36aa38ff61dae6310e1a374bd05fc44d73f5b359baf8e61413392e9a9e5caaa,MEV,0x36aee1d1e937bd719ae0524522fac570d0233686,0x3328f7f4a1d1c57c35df56bbf0c9dcafca309c49
2026-04-24 05:30:35.000 UTC,0x46250091babfbf58b65575055fb3e060411ef2fc6f3cfbae56c275fd90b2fd6c,AMM,0x0cb01568c5e0d19a345f0c1a952d0ed173951744,0x66a9893cc07d91d95644aedd05d03f95e1dba8af
2026-04-24 05:30:35.000 UTC,0x14cecbdd3d225337db48c74e6add028302549f3dc9723a9e5bf4ffdbd6cff206,AMM,0x0c03a8f19dde78ce6efb645b6fe2a1e6907f8db7,0x66a9893cc07d91d95644aedd05d03f95e1dba8af
2026-04-24 05:30:47.000 UTC,0xee5054f289ddb2a3eb2d10de3946a8339400f3d622e10e7dbf64b2e979d5ce87,AMM,0x46ed68978c6807208651519caa39e7f675cf65b4,0x66a9893cc07d91d95644aedd05d03f95e1dba8af
2026-04-24 05:30:47.000 UTC,0x299d9e73228650bd9952ff20db75e6b6c0a93c5eda54bc62b0970991caf0a409,AMM,0xc014c21f9134fb37c5fb82e7634642deae0e0a2b,0x66a9893cc07d91d95644aedd05d03f95e1dba8af
2026-04-24 05:30:47.000 UTC,0xb29bbf02d2dcfdbab80bcd9dbe5962b841de93317680b38dc8fff93754caf1c4,AMM,0x4daeb25b1ba71f6147d0e94c9f35dedba1ac1ea3,0x66a9893cc07d91d95644aedd05d03f95e1dba8af
2026-04-24 05:30:47.000 UTC,0x89b481e560d08ec4685e29d18559b22b8aa5107e801d960a947a4065c6cb0908,AMM,0x3c69f8220751ff82b3e8cc20d079b6806d8d21cd,0x66a9893cc07d91d95644aedd05d03f95e1dba8af
2026-04-24 05:30:59.000 UTC,0x09e793ce12436b908bd43e979080bdea4816ca47f3684d401ec533b5eee2bd3d,MEV,0xe9727997b59abfad81fa270f2b7dd04c5f080b64,0x3328f7f4a1d1c57c35df56bbf0c9dcafca309c49
2026-04-24 05:30:59.000 UTC,0x2edc70008b42a5705093a587b12c99b9ebf4dac5e324815c647dc538339e10c4,MEV,0x5638484ba2d2f1d1d35020572b0aa439a9869192,0x3328f7f4a1d1c57c35df56bbf0c9dcafca309c49
2026-04-24 05:30:59.000 UTC,0x332a173969fe9a464054714ce48b85a43c237d22291aff66e0b815a6c69ff7ee,MEV,0x5758fda2cdf7a2164a5128a8b78e59f7ecb1c34f,0x3328f7f4a1d1c57c35df56bbf0c9dcafca309c49
2026-04-24 05:31:11.000 UTC,0x1ff2e0c1fcbcb8c6bb6f34a5bc900eb2bda08e6d07b44d880e16abbfa5743b7c,AMM,0x295fc34f1742c4e8bd1bfeb3711be567919fa72d,0x66a9893cc07d91d95644aedd05d03f95e1dba8af
2026-04-24 05:31:11.000 UTC,0x4d9a42868234f5115ef52000e4d85bed5a333fad8a82983bb6d55161a3451916,AMM,0xb8a52fff0c16c27aff3b718cadffb19ec21f7c8e,0x66a9893cc07d91d95644aedd05d03f95e1dba8af
2026-04-24 05:31:11.000 UTC,0xbae7df29bfdfdfbfc992ac60e8dba044772005a59c5ad9ac1fc2f3ef8c68298c,AMM,0x082f029a91271c52ff28164f147dc0d1fee74a94,0x66a9893cc07d91d95644aedd05d03f95e1dba8af
2026-04-24 05:31:11.000 UTC,0x84a3a093772c2b21e79674c94e2e88186493040531aafebda04d1298578c37a1,AMM,0xc0a1b44ef8ac57c062e8ada92e29f6bd66a1dc2c,0x66a9893cc07d91d95644aedd05d03f95e1dba8af
2026-04-24 05:31:23.000 UTC,0xf06d5ddb452fd9750ed609c7b2ef235998cc46c9c4f136d54feec285fae03eac,MEV,0x9ac57d9ee42e83ac379ef1318931dc4ac8ace1f6,0x3328f7f4a1d1c57c35df56bbf0c9dcafca309c49
2026-04-24 05:31:23.000 UTC,0x6c58b81ec64285808306f54c11dbc164c4ca46f502c34bdd25c1aea271124f60,AMM,0x0502bd96fa1a921d32f3f4da0d15560a0d21af40,0x66a9893cc07d91d95644aedd05d03f95e1dba8af
2026-04-24 05:31:35.000 UTC,0xe13e5ac2f531bf1b213e9ffa1138c07d600674b8127b6970dfb1ef26e635ddd1,MEV,0x5758fda2cdf7a2164a5128a8b78e59f7ecb1c34f,0x3328f7f4a1d1c57c35df56bbf0c9dcafca309c49
2026-04-24 05:31:35.000 UTC,0x5a010d38f3a637b8e56662a9a9f8ea595b35ae6395b6dc748394fab0b4315260,AMM,0x8f4f52099c2f3b42c05e3af0f25e1437fa8eee25,0x66a9893cc07d91d95644aedd05d03f95e1dba8af
2026-04-24 05:31:35.000 UTC,0xc73815a4b0c552bb5989be5416d87928f306986b1993a98cb656d4a596d8e2b0,AMM,0x199d223c47fde38544c01151228f436ca3e89b9b,0x66a9893cc07d91d95644aedd05d03f95e1dba8af
2026-04-24 05:31:35.000 UTC,0xd1565e3e433573607749e74b24c4ec292dd2c0c707def8c6bd2978c42afeb3ec,AMM,0xf467f4a00c250ebebfbde5bf377b4b8f0a29e27b,0x66a9893cc07d91d95644aedd05d03f95e1dba8af
2026-04-24 05:31:35.000 UTC,0x834d819b3b6acb99603aa00608bf11d55f35187c36107ee9f6a64e4e7b33bcca,AMM,0x6d7c3f97507eb770fa8ec299096a662421eb91f8,0x66a9893cc07d91d95644aedd05d03f95e1dba8af
2026-04-24 05:31:47.000 UTC,0x2cd6f1735247848cfce7febad8230a2723372efefda6581b1be04882e0448eba,MEV,0x5638484ba2d2f1d1d35020572b0aa439a9869192,0x3328f7f4a1d1c57c35df56bbf0c9dcafca309c49
2026-04-24 05:31:47.000 UTC,0x45a511db53536b278d519b2b70270ac51904a2ccfdd2e5541417859d2ee9c1a1,AMM,0xbc341609da7bb62c79e87a8ec2ac2927806bf35d,0x66a9893cc07d91d95644aedd05d03f95e1dba8af
2026-04-24 05:31:47.000 UTC,0x6df18a5efe831245bfc11a879c1ee9ac5722a9d80bf841aed6d49b94714b4a96,AMM,0x687742ebba99d963b4b580fb19dca8d93d17ec1d,0x66a9893cc07d91d95644aedd05d03f95e1dba8af
2026-04-24 05:31:47.000 UTC,0xdec66b3fd72c74306cfabb6da462c857029b32f04db470d8d0cb67f485e50c0a,AMM,0x1b6dba575dfb87e504a2d8dadd4bff277dbf75da,0x66a9893cc07d91d95644aedd05d03f95e1dba8af
2026-04-24 05:31:59.000 UTC,0xdaa75bdb72cf860e9bf9037a50ba5fa080ba9b9757a276bcc0c91ba9c8a954fc,AMM,0xe79cb6b66a1f3412ae306c14b771387ea9a628c7,0x66a9893cc07d91d95644aedd05d03f95e1dba8af
2026-04-24 05:31:59.000 UTC,0x7c11d6c162bf05a63b8f5b101779693433d369798e09aafe3538cb00c0e974bb,AMM,0x8834170bdef6f800d799e6c2b21a4531210e8815,0x66a9893cc07d91d95644aedd05d03f95e1dba8af
2026-04-24 05:31:59.000 UTC,0xbc1ebbce6b2bbc32cb4b2aecbc1420230902f1df5206ffc97f0eb5f83791d81d,AMM,0x38a95dad7af78bf550b71503e487e562270cbc2a,0x66a9893cc07d91d95644aedd05d03f95e1dba8af
2026-04-24 05:31:59.000 UTC,0x0a16dfa38db2580cd224b41fe604a05a222cb9061a8a1152aaa5e891dd7a20d1,AMM,0x6dc7a42e1256de7a3e39c009da687b08842d053f,0x66a9893cc07d91d95644aedd05d03f95e1dba8af
2026-04-24 05:31:59.000 UTC,0x1ae23f769fb73f08d0c6045080823250df4ae426e7ae79f56162af704eb65c48,AMM,0x25caee0b6867831c974719e3c7893dd620d9f102,0x66a9893cc07d91d95644aedd05d03f95e1dba8af
2026-04-24 05:31:59.000 UTC,0xe17798006633dfd9a6a508b899b9e6642774b7eb71d9c464c274a84a4701dc23,AMM,0x6d7c3f97507eb770fa8ec299096a662421eb91f8,0x66a9893cc07d91d95644aedd05d03f95e1dba8af
2026-04-24 05:32:11.000 UTC,0xc9ce0fe7edc50182bbc7aa0e26ac9d8c0c43e99cd07d79df3fd00f8fa805015d,AMM,0xdc9c10149811affd625ae5e9efb03ae238edac2c,0x66a9893cc07d91d95644aedd05d03f95e1dba8af
2026-04-24 05:32:23.000 UTC,0xc82cb4c3a9765e27abcbe97f0cf93c63e2218e7264e34c880e7035e70d28a087,AMM,0x65c8b05e80db1c053fa52530d087d73e7623e67f,0x66a9893cc07d91d95644aedd05d03f95e1dba8af
2026-04-24 05:32:35.000 UTC,0xb03de234957394f1b8870ba4b7427d0e8204604560fa3ef9f80b795aa0b406ae,AMM,0x00fdb3f4b701d5152f852ebe6e946c11d48252fa,0x66a9893cc07d91d95644aedd05d03f95e1dba8af
2026-04-24 05:32:35.000 UTC,0x2bdfeb458db4f4076b6849325088e34d6a5f17f73365dc7855e9a5c6f027e209,AMM,0x8ea7c8e21027779e7288a30fd7961b58d2b66fd1,0x66a9893cc07d91d95644aedd05d03f95e1dba8af
2026-04-24 05:32:35.000 UTC,0xbc52fa5c73ffab1f44e5e24c1f72452db49d9443d4676e2adfdb0458dc81240d,AMM,0x3c3dd70be82e23448894ca9352d9134bde138915,0x66a9893cc07d91d95644aedd05d03f95e1dba8af
2026-04-24 05:32:35.000 UTC,0x561f6703ffb2073d2fd55625bb76e151731c0e9dc39ab5757d6c7cdfe0235871,AMM,0xfe8e9273ab86b12c0102202f3daa073eb14a509f,0x66a9893cc07d91d95644aedd05d03f95e1dba8af
2026-04-24 05:32:47.000 UTC,0x6e440336712ed7c1f2c7cdafbf9c2c7238bd01e7fcdc545035a33d6817997f7d,MEV,0xbf08e098db62f4112f35221b355b9669a50bdd3e,0x3328f7f4a1d1c57c35df56bbf0c9dcafca309c49
2026-04-24 05:32:47.000 UTC,0xbd581163031a7fca958c8ae77b89b66ab25065619343e9c8741eb863b42f93f2,AMM,0x2c8f140e35576fd7fcc37d11f7e53756a95c90a9,0x66a9893cc07d91d95644aedd05d03f95e1dba8af
2026-04-24 05:32:47.000 UTC,0x54adb0cfa9035e44f425e4ac6dbdfa499036b53f62998bc2c43bc002c424e7b2,AMM,0x88e3fc7c70e2cf951fda9586bff2a5fc43f14bc2,0x66a9893cc07d91d95644aedd05d03f95e1dba8af
2026-04-24 05:32:47.000 UTC,0xec3650aaa13ac15ef961fcad827a3dc9909b82eaf11abe0aec961bc9781bc90b,AMM,0x687742ebba99d963b4b580fb19dca8d93d17ec1d,0x66a9893cc07d91d95644aedd05d03f95e1dba8af
2026-04-24 05:32:47.000 UTC,0x68f26ae1c37497f81bbacd869b9bcdefc8b260e549c2b4309aa04450a39d961b,AMM,0x13a7d88127d20986461fdffdf5d4d975cb8c6b46,0x66a9893cc07d91d95644aedd05d03f95e1dba8af
2026-04-24 05:32:47.000 UTC,0xd865075a364adb42b99cc0c4af025f386711abbe407c02c451ceee1c20a38a2c,AMM,0x80786110d07ce195c27efa51dd4056b32e6cd5f6,0x66a9893cc07d91d95644aedd05d03f95e1dba8af
2026-04-24 05:32:47.000 UTC,0xe17171b52e02f5e0ea6262593889eadf2844a3dcb2b3880081903d6618db0f8c,AMM,0x8ca0a5d199f81775fc19da348828f2dc872eab44,0x66a9893cc07d91d95644aedd05d03f95e1dba8af
2026-04-24 05:32:47.000 UTC,0x48ec6a16495278505a1d8525c3f08822aeff96009998d1258340dae43deab0ca,AMM,0x7be985d1fbf9890ceef520d5361d86055707d396,0x66a9893cc07d91d95644aedd05d03f95e1dba8af
2026-04-24 05:32:47.000 UTC,0x4248545ace8fc90214f9c69d84f3fbda100d06221c2d55e1ddb09d00f9076c10,AMM,0xb0a233f17e605ff1df634ddc7c01fe35bd21cb5d,0x66a9893cc07d91d95644aedd05d03f95e1dba8af
2026-04-24 05:32:47.000 UTC,0x1903c2d41f12ad1cf1f9c81443d2210b5489f1bf77546b2da2d2537eafbc2ee1,AMM,0x082f029a91271c52ff28164f147dc0d1fee74a94,0x66a9893cc07d91d95644aedd05d03f95e1dba8af
2026-04-24 05:32:59.000 UTC,0xc749153771e37ea47f765daa5b55586efc6b5419a117113e82ce709c9cee0580,AMM,0xc27cc6bf438636b4cf6e76fa091497c76a6b203d,0x66a9893cc07d91d95644aedd05d03f95e1dba8af
2026-04-24 05:32:59.000 UTC,0xb58b9c3596a6774f96821e490c21d808100debc268a94a8b7dd73524dc1d8e2a,AMM,0xee7ec78478ce7497ad00058366d9e502baab6a0d,0x66a9893cc07d91d95644aedd05d03f95e1dba8af
2026-04-24 05:32:59.000 UTC,0xc41ebb6874cfe26174abb26debc06045846bee4c41f6476dac7ad901ce4650f5,AMM,0x71e78189b993d042c6af45710834e673b51c781e,0x66a9893cc07d91d95644aedd05d03f95e1dba8af
2026-04-24 05:33:11.000 UTC,0x03d654c54a3225c4b61aa99f23c17a71f25b3048e4db4d42af4fb2bd05b38216,AMM,0xe55070656514343984cfbc5ab465ab0075db0170,0x66a9893cc07d91d95644aedd05d03f95e1dba8af
2026-04-24 05:33:11.000 UTC,0x4075e98e084592bac2c18a0fd5bc8c1d6fea9757871b40e54777d04d706cf1c9,AMM,0xb1c4e60c927f5666bdcd7ddf8c964e8a1bd5ac11,0x66a9893cc07d91d95644aedd05d03f95e1dba8af
2026-04-24 05:33:11.000 UTC,0xbe48d6b9bd6224b8d9c86b03d8da3671a6ae476b45aac3d8910300301fe01933,AMM,0xff0e218daad19e5641a5b8654d10cdae278d0c2b,0x66a9893cc07d91d95644aedd05d03f95e1dba8af
2026-04-24 05:33:23.000 UTC,0x9938bc8630396b2701ec0e9d2893c0eabd261afe02cab1a6381ee467e105ea94,MEV,0xd8a3312620fe2c08420398a4b3e08fe6ade8ccee,0x3328f7f4a1d1c57c35df56bbf0c9dcafca309c49
2026-04-24 05:33:23.000 UTC,0xa377369aeedc305744b4c5e1f6219f88d97fccf6000d96481cb0bab8a7fc2720,AMM,0xee15c490e9dfc0522fd50ffe023cf6706e374b49,0x66a9893cc07d91d95644aedd05d03f95e1dba8af
2026-04-24 05:33:23.000 UTC,0x42d00b5539948501f6e94ae3507e09a31764e2ec3e23f4a2224bbb07ea9e23a2,AMM,0x3c3dd70be82e23448894ca9352d9134bde138915,0x66a9893cc07d91d95644aedd05d03f95e1dba8af
2026-04-24 05:33:23.000 UTC,0xe924f0fef066e740466e6262b8f4ba78c6ef19e35e4ae07e306640a715960879,AMM,0xd3eda083c46ab80f6100f3c2d6f00446bd7fc76b,0x66a9893cc07d91d95644aedd05d03f95e1dba8af
2026-04-24 05:33:35.000 UTC,0x45fcabd87ff4e24f47ee7af4fb4f0e6e18a350a4299e473eb76ef3fb98fe6a1f,AMM,0x25caee0b6867831c974719e3c7893dd620d9f102,0x66a9893cc07d91d95644aedd05d03f95e1dba8af
2026-04-24 05:33:35.000 UTC,0x0131c9e981377ae15343a4731d98e917781d77363cb87108a3b6d76a70b9f26e,AMM,0x5cb110cbbd3a3f392f4117f66d9048d3a77f512c,0x66a9893cc07d91d95644aedd05d03f95e1dba8af
2026-04-24 05:33:35.000 UTC,0x1914ce13efa5aa7251d234f24dbae691981b702ad28718961060eb52e00fc638,AMM,0x8ca0a5d199f81775fc19da348828f2dc872eab44,0x66a9893cc07d91d95644aedd05d03f95e1dba8af
2026-04-24 05:33:35.000 UTC,0x403ea7a8943a9a3bfecccba566639937153c7a9d410da3434b4965b695b5e224,AMM,0x295fc34f1742c4e8bd1bfeb3711be567919fa72d,0x66a9893cc07d91d95644aedd05d03f95e1dba8af
2026-04-24 05:33:47.000 UTC,0x83cacb3e2a7b88ef49371f3afa2adbcf0c365143dd6db5880c631d55ed1bb767,AMM,0x295fc34f1742c4e8bd1bfeb3711be567919fa72d,0x66a9893cc07d91d95644aedd05d03f95e1dba8af
2026-04-24 05:33:47.000 UTC,0xdb70ffbbc9b79e8702f8e2c4ef44722031283cef4ca627674a7a75d7dc8670fc,AMM,0x227c987f1f3798541c5c3f3b6f1073fbe37ee184,0x66a9893cc07d91d95644aedd05d03f95e1dba8af
2026-04-24 05:33:47.000 UTC,0x02840ffa7ba63df536044c8bf3d61520b45295296f97e594d0bea1b0db46336a,AMM,0x8ca0a5d199f81775fc19da348828f2dc872eab44,0x66a9893cc07d91d95644aedd05d03f95e1dba8af
2026-04-24 05:33:47.000 UTC,0xabbf391d4c47ef05315c74b19e41a3fb1b8e0044e45f474e3994c595ab182e67,AMM,0x2c8f140e35576fd7fcc37d11f7e53756a95c90a9,0x66a9893cc07d91d95644aedd05d03f95e1dba8af
2026-04-24 05:33:59.000 UTC,0xd65b3d443688b0c1374f6e22a7f5633094bea860a9eb3929f66760680c90b976,AMM,0x3bfb6bdc332f3caa510f1e42cad8022215e34366,0x66a9893cc07d91d95644aedd05d03f95e1dba8af
2026-04-24 05:33:59.000 UTC,0xd847da3184e94184cfe819fd2d7220528fb7dcb4114f0dd449f2fe19c14f56d1,AMM,0xf449c8b836cb08321b25d065056900b10e19abc1,0x66a9893cc07d91d95644aedd05d03f95e1dba8af
2026-04-24 05:33:59.000 UTC,0xf63c21ed62f8f197419d20ce195f79b695a6049181f5cf9c4d9df760e39e69d4,AMM,0x440277f9d7329eb60ebe7c2f1bcc1566341b4117,0x66a9893cc07d91d95644aedd05d03f95e1dba8af
2026-04-24 05:33:59.000 UTC,0x1aa5d02e8c709fb5dec8e2dae53d1b3f9e355486a240bbcf8ee13d57d172d920,AMM,0xf851e2e0590815e639303cd3d7f26b6a7df278d0,0x66a9893cc07d91d95644aedd05d03f95e1dba8af
2026-04-24 05:33:59.000 UTC,0x1aa6dde75ac3b6898d69273ff41b64f91b3f9bd68ea61ff289b6ae39da31db37,AMM,0xd71d4805c1a514a8eb3f739fd257025d95fb61cb,0x66a9893cc07d91d95644aedd05d03f95e1dba8af
2026-04-24 05:33:59.000 UTC,0x08de8aa5dcbf96f96853b5bd8259ade2a28f3e8107c51fc4962aaf81819627b8,AMM,0x3c3dd70be82e23448894ca9352d9134bde138915,0x66a9893cc07d91d95644aedd05d03f95e1dba8af
2026-04-24 05:34:11.000 UTC,0x4abfa985d44eccf8d562c90dfb1b271a7ddca5073fcbae5864644f41ffe922b7,MEV,0xd8010adc0e55e37b4ce4dc0a3528f89612c177c1,0x3328f7f4a1d1c57c35df56bbf0c9dcafca309c49
2026-04-24 05:34:11.000 UTC,0xa7104c549b42cf1203b7f95c566853dc69a4cae287f16320dbfe8da882ab6292,AMM,0x227c987f1f3798541c5c3f3b6f1073fbe37ee184,0x66a9893cc07d91d95644aedd05d03f95e1dba8af
2026-04-24 05:34:23.000 UTC,0x4018f1acad4d3dc3bbfd315a2a352b2d627f6efddd0c1a772789cb0ae7c2f814,AMM,0xf449c8b836cb08321b25d065056900b10e19abc1,0x66a9893cc07d91d95644aedd05d03f95e1dba8af
2026-04-24 05:34:23.000 UTC,0x56ff0c3aeff6fb89320d4e9627ae3cb72d0a47bfe2557c9743388ea73091382d,AMM,0xa4f7a725737904d387a2937b30b3ce3edc72a2d8,0x66a9893cc07d91d95644aedd05d03f95e1dba8af
2026-04-24 05:34:23.000 UTC,0xc6f9a46e21d08e6f0a82e5c6f1eb6890701203b4fc28969fd2a123159aef703d,AMM,0xe79cb6b66a1f3412ae306c14b771387ea9a628c7,0x66a9893cc07d91d95644aedd05d03f95e1dba8af
2026-04-24 05:34:23.000 UTC,0x3f28c9d5440ad58193d3ef37fbe9a5fb1cb441ceb3ae8d39442f5d8757bc0cb8,AMM,0x17fa339856fa30e344a01b19c0a0fb8666f803e7,0x66a9893cc07d91d95644aedd05d03f95e1dba8af
2026-04-24 05:34:35.000 UTC,0xee4223d72f42863194944c0179326e78493cff97f0ef1abefbf6766b06afa421,MEV,0x821eab82584665c1b0dc6f142ead8cff27bba325,0x3328f7f4a1d1c57c35df56bbf0c9dcafca309c49
2026-04-24 05:34:35.000 UTC,0x7f2bdbc952383e179846ef9679297fe810d7ec498c2f4b0145ff0a07f75fda96,AMM,0xd8e08dd845c5c87a689e43f3cc8dee219ae4d7b3,0x66a9893cc07d91d95644aedd05d03f95e1dba8af
2026-04-24 05:34:35.000 UTC,0x3bb47647f07d9975bee4f5bbf8381ca77c01e9a1e5fcb8eae9f14b779f5c7ddf,MEV,0xdacd833f4909ea55e3c400ef952bb659201d00f1,0x3328f7f4a1d1c57c35df56bbf0c9dcafca309c49
2026-04-24 05:34:35.000 UTC,0xbaf59af188ec9246a994b678a5b61a0c7e34103210eaade634722bf7864d40cb,AMM,0xb0a233f17e605ff1df634ddc7c01fe35bd21cb5d,0x66a9893cc07d91d95644aedd05d03f95e1dba8af
2026-04-24 05:34:35.000 UTC,0xf6a2b6b24e0b5b74fc4c181a724f8af472e7b2598e1b0a116e2fe2c16f834203,AMM,0x227c987f1f3798541c5c3f3b6f1073fbe37ee184,0x66a9893cc07d91d95644aedd05d03f95e1dba8af
2026-04-24 05:34:35.000 UTC,0x64978457c2e779a4ef3d5610f36f1e607fc20bb64c48e52ea7cf823f001b583f,AMM,0xd3cacd1b14f967157fcf437a3c7f7d3f9929bb69,0x66a9893cc07d91d95644aedd05d03f95e1dba8af
2026-04-24 05:34:47.000 UTC,0x10f4b66afe0d4fea7b48b470cc0db5ea5d3653f026f268ed92b1b5277a2380ea,MEV,0xd8010adc0e55e37b4ce4dc0a3528f89612c177c1,0x3328f7f4a1d1c57c35df56bbf0c9dcafca309c49
2026-04-24 05:34:47.000 UTC,0xa306f06ebbaf0ace067f87098c9734de7dfe603042051610a75d4593b519384b,AMM,0x8bb88a3eafd6ba0b6cce254c0c447c4cf5860afe,0x66a9893cc07d91d95644aedd05d03f95e1dba8af
2026-04-24 05:34:47.000 UTC,0xc3eeabfa239f0bec541c865e6fb1a5ee7e33e8ebe49793f4b205d3cc37e11812,AMM,0x88e3fc7c70e2cf951fda9586bff2a5fc43f14bc2,0x66a9893cc07d91d95644aedd05d03f95e1dba8af
2026-04-24 05:34:47.000 UTC,0x727b95b1cd9a0909387cea0cafdef094e82b0c8eba96f65c43d368fd4665e111,AMM,0xaf6b011e71fa58e04fa0e5473ad8031f1ac2a43e,0x66a9893cc07d91d95644aedd05d03f95e1dba8af
2026-04-24 05:34:47.000 UTC,0x6439c10b265330fbb6e4f7aa3d54d5d60ec56f71dcbab2b4842356957f53175e,AMM,0xf3ccc995c25f19aac550c2c2e02bd5ebbefc74fe,0x66a9893cc07d91d95644aedd05d03f95e1dba8af
2026-04-24 05:34:47.000 UTC,0xf1c7b106f4f0d49981ede08d2611218c9b3e213bc40cfdbda78c3fbfccbbc5be,AMM,0xee7ec78478ce7497ad00058366d9e502baab6a0d,0x66a9893cc07d91d95644aedd05d03f95e1dba8af
2026-04-24 05:34:47.000 UTC,0x5f39549b1d52c2d4b8180fa1662060efa333d30fe82694e1f87c6540707bc8a1,AMM,0x1e2b9660f8115c6b7f07e0dc1e21c0b619b3ceda,0x66a9893cc07d91d95644aedd05d03f95e1dba8af
2026-04-24 05:34:47.000 UTC,0x2e543b241934223ad8a63ad49620e8c6ff4f29efda7c490667b7f4d169063f47,AMM,0x8660a7e2d207d2a37ef11c4930bf4efdac5da962,0x66a9893cc07d91d95644aedd05d03f95e1dba8af
2026-04-24 05:34:59.000 UTC,0xc46538b85d1bec415079352c864ac4897dacba26f4a0937f6172c09445f39b37,MEV,0x5638484ba2d2f1d1d35020572b0aa439a9869192,0x3328f7f4a1d1c57c35df56bbf0c9dcafca309c49
2026-04-24 05:34:59.000 UTC,0x9983c57009dd9772efaa252881b673c153bd5d1a1253c438bea70c1b39acf3b1,AMM,0xf0264c0a0a90e01b04c1a0312c3d8fd52153a4b4,0x66a9893cc07d91d95644aedd05d03f95e1dba8af
2026-04-24 05:34:59.000 UTC,0xa4ab21e5e28853cb3871280d482c26e2be1c64edf9d56b29ef40714721984bd0,AMM,0x41e82e9a5cee83fd18ca30bc6690ec5bc6d37e2c,0x66a9893cc07d91d95644aedd05d03f95e1dba8af
2026-04-24 05:34:59.000 UTC,0x9279b67cce8ed2cb2af0112c4a974ab9f8ee6abbd3aed1443237170fe67e8671,AMM,0xf449c8b836cb08321b25d065056900b10e19abc1,0x66a9893cc07d91d95644aedd05d03f95e1dba8af
2026-04-24 05:34:59.000 UTC,0x84146adddbd62240ee2177766d4408cb3acea596b767b98725f42ebbb1f78d0f,AMM,0x05bf88842d69430e6e3d4ce06cbbdda7c264f889,0x66a9893cc07d91d95644aedd05d03f95e1dba8af
2026-04-24 05:35:11.000 UTC,0x98ded0868dfb0fbe94419f792e3aa46ec3b4abc5ba842c827b07f72cc89036d4,AMM,0x37268d8615daa91a20e72c873948c45688ce1d2f,0x66a9893cc07d91d95644aedd05d03f95e1dba8af
2026-04-24 05:35:23.000 UTC,0x0e8a459dda81ed52d39ba3aff87cac2482bb741cafbf9185abc4c00aef2e0dea,ERC20,0xc6715f4044549b175700d9c6c0c097a9ba10259e,0x974caa59e49682cda0ad2bbe82983419a2ecc400
2026-04-24 05:35:23.000 UTC,0x96a39c61189975519e75bab7817e59fa6d9c8cd89599aee840ef4bddf134ce70,AMM,0x4c218f3b1d3f3c0d265cc130e8737e94ad6b88a1,0x66a9893cc07d91d95644aedd05d03f95e1dba8af
2026-04-24 05:35:23.000 UTC,0x9cc667f1805fb6ebce83aa2f680ff6f86281d8b475ea56e72b22f6c22a4d41b9,ERC20,0x2ba777669f25c26bb0fd96d42fc15e4ee3d858a8,0xee528819935304260bdf19e7db0f740cf0c3efd5
2026-04-24 05:35:23.000 UTC,0x0ad1015e51c384f19629f1d951ff90bf1697d28d04bcda1ab45df68b37e76b61,AMM,0x20be146ee32e08a7dfda6049bd82cf7e6b06da69,0x66a9893cc07d91d95644aedd05d03f95e1dba8af
2026-04-24 05:35:23.000 UTC,0xd5b890cc6c460912cf1163083b5daeeb5792cfacb69e7533e6fe406f6383c479,ERC20,0x5814e3cd28b29636ebfad6912d10f43df64a140c,0x6c11889a758ec8d7c20ab7b14600057fd32864d6
2026-04-24 05:35:23.000 UTC,0x714a75a10845b4f59e8bddd8a79c8d5eeaf31046001e17c6ef742995fcf73ef2,ERC20,0x974caa59e49682cda0ad2bbe82983419a2ecc400,0xb747426399e6dbe2d59a10367911277d9e3569b8
2026-04-24 05:35:23.000 UTC,0xb2084ce029a216b3d44394c9ee38ad3128898bc904a705325c212332705933fd,ERC20,0xa76df022efc81d169eed49ac18512c382a3150b4,0x974caa59e49682cda0ad2bbe82983419a2ecc400
2026-04-24 05:35:23.000 UTC,0x8c2055f1d02ae9cd0506882ae38ec027e2f5310c8c9d6257c2193a5a3c70d1ff,ERC20,0x615c01777ca31a90efbee2c01dd1634fe7b2c2cc,0x7ea44055e60b2abf4d3438319f34a2e31906e8ce
2026-04-24 05:35:23.000 UTC,0xbaf41673c5e9cf1e932568a8027422c78d0b9800c4d74948aaa8966db0b0dbcd,ERC20,0xe625396bac041ce38637a497fb11f266ddd3ddfa,0x974caa59e49682cda0ad2bbe82983419a2ecc400
2026-04-24 05:35:23.000 UTC,0xdcaaf21cc51bad0033ae09aa87b3d32da070869471799633e55c2467128e7f5e,ERC20,0x5542a80879bc640529501260109c9038a556b008,0x071e944d0ec39b4f8fdc3903824bb99c86cc41c0
2026-04-24 05:35:23.000 UTC,0xcb16fc1948c1cc40ecde06c02996b04d84dd7da2b8dc507f841cba3194b031a4,ERC20,0xdbfe0abbcba579120301df31e8c07d291e0e2ce1,0x974caa59e49682cda0ad2bbe82983419a2ecc400
2026-04-24 05:35:23.000 UTC,0xfb8e70cf98c7fa7bac02cef82dcfd28b2ff3d63fac709f722a314b90904e27a2,ERC20,0x974caa59e49682cda0ad2bbe82983419a2ecc400,0x31083ac875dd0414fb31c2b0be55c39ca2e187e2
2026-04-24 05:35:23.000 UTC,0x1cfd22318d7670a7d744d175cc4c5ab05880db24b6184abb0dc5e485ddfd03ad,ERC20,0x56ba457a2a98679fe92af93a4fdec50049129551,0x974caa59e49682cda0ad2bbe82983419a2ecc400
2026-04-24 05:35:23.000 UTC,0x2c86e654a3bf996a2db12ae0f20cce182a9e208c24eeb68be293ce0724b91b6f,ERC20,0x636d1fa7b8eb56bb9138ec286e865bd8a4cab370,0x974caa59e49682cda0ad2bbe82983419a2ecc400
2026-04-24 05:35:23.000 UTC,0xe383bef7ab66b16752b13c6cbb7305a3f90cc70b022024c3624b1d8b3e0f98a4,ERC20,0x63d1a1c7a7ef25b5fbac39fc9a5d267bbf31a84a,0x974caa59e49682cda0ad2bbe82983419a2ecc400
2026-04-24 05:35:23.000 UTC,0x16549c0b8bbca77cd9e73b25f042073eff38b315ed296e9146da71e80bca8bae,ERC20,0x974caa59e49682cda0ad2bbe82983419a2ecc400,0xfa518fe9254063fb58895de55b143be8616052d1
2026-04-24 05:35:23.000 UTC,0xb06b7c860378b48b93a4252758b679095f2d56f8ddf89da71b6cd37e822ab26b,ERC20,0xda6116a855682e08cfa36f89deb801677e99e2e6,0xac5c3f5f9b0f47bbcc84fb66e3f40128dcdecc44
2026-04-24 05:35:23.000 UTC,0x620cf5f21826e3e0804cc0af9d82cd7d40acf2e6e82d06517e63f243114f957d,ERC20,0x559432e18b281731c054cd703d4b49872be4ed53,0xa28af56abad1e4d3197d26be4ffaa76208b320e2
2026-04-24 05:35:23.000 UTC,0xe5053c7485ae4af206ce9f5eb9f39648be4cee34d271e9304a30a063d76a2258,ERC20,0x974caa59e49682cda0ad2bbe82983419a2ecc400,0x66733f7c4adec5da1a62919e04c947a59caa0755
2026-04-24 05:35:23.000 UTC,0x0096e984322e12df7f90f0c7d2dc45a606f8737f477536b6060a13463c5987c5,ERC20,0x7553034b7b884be1aca41a869f2b0a24408e8e41,0x974caa59e49682cda0ad2bbe82983419a2ecc400
2026-04-24 05:35:23.000 UTC,0x330461c38208b74f534195ce1d01584896be2aafdbc8df4ae7ac6490e86b0722,ERC20,0x26d79dba082350362d3521b5cffd98b0308c9b3a,0x974caa59e49682cda0ad2bbe82983419a2ecc400
2026-04-24 05:35:23.000 UTC,0x27744827af9881469f673c3e989cbb1e65ed83b2fee7d84a138d1dad9872bb94,ERC20,0x974caa59e49682cda0ad2bbe82983419a2ecc400,0x3684aacbada8b6f460bab0c5769c40d911c7a22f
2026-04-24 05:35:23.000 UTC,0xdcaaf21cc51bad0033ae09aa87b3d32da070869471799633e55c2467128e7f5e,ERC20,0x1231deb6f5749ef6ce6943a275a1d3e7486f4eae,0xa6e941eab67569ca4522f70d343714ff51d571c4
2026-04-24 05:35:23.000 UTC,0x7fe92fdae91f9becc0a6eb025346c3262fcb4cf3439552bce66adb69d1382ca5,ERC20,0x974caa59e49682cda0ad2bbe82983419a2ecc400,0xef56bcb8cd29065e980f60bb4cb0462e351d2c30
2026-04-24 05:35:23.000 UTC,0xf09dcad25164e6ad27b78615f15ef42eeb952eda91fc31dc7a2aed35ee2ded14,ERC20,0x4c3ccc98c01103be72bcfd29e1d2454c98d1a6e3,0x90cbe4bdd538d6e9b379bff5fe72c3d67a521de5
2026-04-24 05:35:23.000 UTC,0x425288d7df876ff8be7e871e53ae9d3572375095ce0b16fc15106e52671b59a3,ERC20,0x6506c861df15eae8ad4f6e4025bce9018f9b95d5,0x974caa59e49682cda0ad2bbe82983419a2ecc400
2026-04-24 05:35:23.000 UTC,0x6e406ba8d566290ddffdd4ff31c7e74cff2565c3acb3173c476e3e3b0f6387f6,ERC20,0xaa61882b5120bb2c44f1f08290a5c21c73dc02eb,0x974caa59e49682cda0ad2bbe82983419a2ecc400
2026-04-24 05:35:23.000 UTC,0x3c847a452094e0a648f757b0da09422cc6d0a4f57ddd29eabb7c07a2c473297f,ERC20,0x974caa59e49682cda0ad2bbe82983419a2ecc400,0x751dfb34c95500fc918d5fa7df1def7cff4fc40e
2026-04-24 05:35:23.000 UTC,0x25fe1bf10a119205d89e3e80af75fcf597732e48dd89333fc1545ef7dcd94c1a,ERC20,0x7edef74107fca9aa68845783983f55bddb7f3b18,0x974caa59e49682cda0ad2bbe82983419a2ecc400
2026-04-24 05:35:23.000 UTC,0xd0658a9c0b3157f478212a58a1ef34e5270d3ac54057f304f2dbcf101219a5b8,ERC20,0xcfd5cd79adcc53d3a8d439582a73eab943e27f32,0x974caa59e49682cda0ad2bbe82983419a2ecc400
2026-04-24 05:35:23.000 UTC,0x16b5520d632b30e77e3f7ce39b4895a4c37795f3c61cc472e609e8956ba39f7d,ERC20,0xa8b8136e7c0ddaaf5a77fa4d34c96c5944209374,0x974caa59e49682cda0ad2bbe82983419a2ecc400
2026-04-24 05:35:23.000 UTC,0xcd4ac441d7f0ff2d55cc3a8d973f5fa8697ae1a3e93e64d4211dd95c8c93cfa5,ERC20,0x88cc0800464fcef3e643a369e8a0532990995eee,0x000000000004444c5dc75cb358380d2e3de08a90
2026-04-24 05:35:23.000 UTC,0x0f83177663a273b2ff3b2a82527fb220d9e0017fd7d1a7f4645bc114fc6c2f18,ERC20,0x8fca4ade3a517133ff23ca55cdaea29c78c990b8,0xaa517658b0e485daaa8f636502c9a379cb82e3be
2026-04-24 05:35:23.000 UTC,0xa080643fd47d7c2a0719fd196b83abbfe08bd054d29069d8b8e45a23fe97cc55,ERC20,0x8af268dbab6788ccfef88e924168f5ab02914a77,0x974caa59e49682cda0ad2bbe82983419a2ecc400
2026-04-24 05:35:23.000 UTC,0x3a16dbc8af32326422946b71ce30770ae0d6b1c2e5791feff422e4376bfa4d3d,ERC20,0x974caa59e49682cda0ad2bbe82983419a2ecc400,0x645e6ebdcea835fb1c4874306182291a28e8d0e1
2026-04-24 05:35:23.000 UTC,0xf09dcad25164e6ad27b78615f15ef42eeb952eda91fc31dc7a2aed35ee2ded14,ERC20,0x4c3ccc98c01103be72bcfd29e1d2454c98d1a6e3,0x00000000000014aa86c5d3c41765bb24e11bd701
2026-04-24 05:35:23.000 UTC,0xd96bdcd9c87604a2c05fa9bf50b5490ec7381bd1e171f9b2ec740d532d30feaf,ERC20,0x73ea55bf0172e87574533db20ab89719bb62741a,0x000000000004444c5dc75cb358380d2e3de08a90
2026-04-24 05:35:23.000 UTC,0xe9a7b144ff2571b7ced7f6d42add1fd035dc9996e6b791f180c1be9842052889,ERC20,0x00881b978f4f7ba9def3b5bb2407a98476c8a1e7,0x974caa59e49682cda0ad2bbe82983419a2ecc400
2026-04-24 05:35:23.000 UTC,0xf37ceee7f6729b271e0eb315171898681e86d919f88a7501470ab8fb7160c65c,ERC20,0x4a55e343c42295432c6516bcc1232087d0ee7384,0x773468c2ba979bbd8bf32b6b3730e076239debaf
2026-04-24 05:35:23.000 UTC,0x428691510c5765ebbb38744a42e190243e1bd57e7271931c27149f061d516261,ERC20,0xf70da97812cb96acdf810712aa562db8dfa3dbef,0x19a0b2d23faf2dc1acdd88f48cd1dd0c780ca1e3
2026-04-24 05:35:23.000 UTC,0xfffdaa634671920050dccb67fea82418068ea48319e450edb7ee5949d568b01e,ERC20,0x974caa59e49682cda0ad2bbe82983419a2ecc400,0x05c5b720fd52eb62d3135eb4cbd739f6879313ca
2026-04-24 05:35:23.000 UTC,0x248ed7cd3d145e62385c281cb76a1fe6229248ee1e1c9bf6ec290bc5a9c3dac0,ERC20,0xe9fcc12ca07ede44c0b850a8f1bc4ab3ceae980c,0xa988df756ef2eb3edd14ef7786816132d00bb115
2026-04-24 05:35:23.000 UTC,0x2ba09a1b369dfbf7ec79ee0043e9e45fae185d8d3131c785728a2a7c54302ca9,ERC20,0xdd3d72c53ff982ff59853da71158bf1538b3ceee,0x93ba87d4dc232bfb973a960411fa604112b477ac
2026-04-24 05:35:23.000 UTC,0xc35e686387f46afe5c08dc3d624c4375261180bf10c12f8bd018bcbeccd4eb10,ERC20,0xe854483761b87d3cde6955e12ec03acc4bbe295a,0x974caa59e49682cda0ad2bbe82983419a2ecc400
2026-04-24 05:35:23.000 UTC,0x84ab27979057bd6ffa1e056cb73ce8a317465489b9b077be9138728ea7f35522,ERC20,0x974caa59e49682cda0ad2bbe82983419a2ecc400,0xe9b20e5b24eacf9a07a93e751f8714eab2d67fbf
2026-04-24 05:35:23.000 UTC,0x876e4e9bb66cf51e8e64dbfa5acf609e8323948f4eaadd3bde4f9a30644b8d91,ERC20,0x2270a5fb8342c46c8cd729d55213e518e7bf58ac,0xe942747489e4c2303ccf82a94504166f888d3c82
2026-04-24 05:35:23.000 UTC,0x3bdeaaa485d6e6df9b8f31ac8239d214848308b85e1b4054b8ddce1aed1ad376,ERC20,0xa57a68736a592c5fea167425d7cf0fa50b821987,0x974caa59e49682cda0ad2bbe82983419a2ecc400
2026-04-24 05:35:23.000 UTC,0x01c18a2e1221cde24e2569538b2acbf04f7b6459669d939f0293f4ca823d0bb2,ERC20,0x974caa59e49682cda0ad2bbe82983419a2ecc400,0x9fad5acb1ace73ab673e509b8d94cd58830606be
2026-04-24 05:35:23.000 UTC,0x3daba362460b4c36e2037abc143079565a00ae98d8905b3ce106f80d1593364d,ERC20,0x559432e18b281731c054cd703d4b49872be4ed53,0x78151f4788803eadae893639d4b5f2f1a0babbcb
2026-04-24 05:35:23.000 UTC,0x6815a6a17ee85d27f46dff9334d81e2cada4715431572307813104a8ddf536a5,ERC20,0xcb561c9fa8336351d137ae0902985f844a4a5a7d,0x974caa59e49682cda0ad2bbe82983419a2ecc400
2026-04-24 05:35:23.000 UTC,0xe6378b56859caf627f9fd93a2f5d654f9fae00b6641786e3fca8f4b2c3d2d975,ERC20,0xc7e19dca52597c1f25ba88a7e301389dd4e80d4b,0x974caa59e49682cda0ad2bbe82983419a2ecc400
2026-04-24 05:35:23.000 UTC,0x6b9029f0d70ffa0b68e86e08b3862e67ba744a14c90462bbc5096e6659b5f79e,ERC20,0x974caa59e49682cda0ad2bbe82983419a2ecc400,0xc605dc30d744d4cf273795c325b76ce0c8ce2d40
2026-04-24 05:35:23.000 UTC,0x17163b511fdd05c356aebd2aafbb8ec5e679dfcb521992cef7fd1755842173b6,ERC20,0x826902ff8dcb489a591c6fdbabf026c8977906aa,0xf47751f940b5e707943f69bff4c8c03ea558ff5f
2026-04-24 05:35:23.000 UTC,0xb029a9837080664e79b278dfc095bdca921028b792acbececfa04450b4e93db1,ERC20,0x974caa59e49682cda0ad2bbe82983419a2ecc400,0xe4cad1fe3b660181469ffa559a615cfe9b96fa1b
2026-04-24 05:35:23.000 UTC,0x7aee91ec910a5499906dda338a18b400c5301899bd7d5f6c5c1f96457c53620c,ERC20,0x29edd74613fbff9d59f7ba63c76901a5788ce8f7,0xd1b3d8a93addf6a6d5703ff90cd713a760600ac0
2026-04-24 05:35:23.000 UTC,0x564a42b388b7a987553905f3917086948e6af9475965055daa7b09fe65938a20,ERC20,0x974caa59e49682cda0ad2bbe82983419a2ecc400,0x4c8481f04fba1e55045b669617497365d99f7008
2026-04-24 05:35:23.000 UTC,0xc139c9fe43c271a28faec9060797f03346e458d20aa4fdc38a08efa8bc2700a3,ERC20,0x974caa59e49682cda0ad2bbe82983419a2ecc400,0x51fcba4ae5727158ed30a68f83efc65f8b2bffc2
2026-04-24 05:35:23.000 UTC,0xd96bdcd9c87604a2c05fa9bf50b5490ec7381bd1e171f9b2ec740d532d30feaf,ERC20,0x73ea55bf0172e87574533db20ab89719bb62741a,0x33b99ccbc84e8a87e10ec86386a7eb5ad434fb7e
2026-04-24 05:35:23.000 UTC,0x662b1aa74f924ff87abf31cd500133b5672c9a1c5faf3560bcad840622869fa9,ERC20,0x559432e18b281731c054cd703d4b49872be4ed53,0x7536830d35b2ee4c78296e810809f5d29be1399b
2026-04-24 05:35:23.000 UTC,0x416a23174185b7bfbc31db0ce582ff4e0659837a59c09ea0b6ff74af35b5585b,ERC20,0x974caa59e49682cda0ad2bbe82983419a2ecc400,0x546a8acefea17b491864df52aee8bf6dd643461a
2026-04-24 05:35:23.000 UTC,0xb0b964a4b634905c807b9e482a4fa923e9086766dbe3f7e4628adf50085c0f31,ERC20,0x974caa59e49682cda0ad2bbe82983419a2ecc400,0xdfa1dc472b33b68930d5695f4379c91d87fdc464
2026-04-24 05:35:23.000 UTC,0xf63ed32d6fa4cca502ddc1e067e51d6a20d70fd98f981dbd6389723cf1f41a8f,ERC20,0x2ec9740483c498b4db70a4e9d00293ae81147c06,0x974caa59e49682cda0ad2bbe82983419a2ecc400
2026-04-24 05:35:23.000 UTC,0x0073b57445292fea7511179dc8697a1cd57ddf7c1f9290f35deddee289b2d6ae,ERC20,0xf273c50f3226318e525a6fbaabb15f5875893aba,0xfb0810d8c04343487b93d2e43b8d5aaece585c7c
2026-04-24 05:35:23.000 UTC,0x6181d3097e7cc3381f29fa1e9f468f4f9de4433c0320695e8c3a48b78567e429,ERC20,0x1af071ca7aacda1a63491eb2933ddf4b52f5976d,0x974caa59e49682cda0ad2bbe82983419a2ecc400
2026-04-24 05:35:23.000 UTC,0x130dcd0d04020eb60172f485df0bd805dd113b8cd697d8d14bdb1564ac51712e,ERC20,0x974caa59e49682cda0ad2bbe82983419a2ecc400,0xd4e47b7d8fe708a64c6420f8327dacc4e8323a80
2026-04-24 05:35:23.000 UTC,0x364f1fc6bc90c8140d78a638b7f1c09164d3c33bae147140d1ceb534195c6b50,ERC20,0x76716728e17022630bb64b6da20a3c4ce11853fb,0x974caa59e49682cda0ad2bbe82983419a2ecc400
2026-04-24 05:35:23.000 UTC,0x945c18b375e7fb50343300ef8a8dd3f0a7632ffc3d25ed5cd9a6f403993b7c18,ERC20,0x974caa59e49682cda0ad2bbe82983419a2ecc400,0x0135567d05582a2fb5bedc17bf76cf06aef38cb9
2026-04-24 05:35:23.000 UTC,0xf83e10b9946b4f9790c63903e2c5dc2145f8d32efbd9da7270cc57bab58c3055,ERC20,0x974caa59e49682cda0ad2bbe82983419a2ecc400,0x2ce02609c3dd52b1011600b09b6a8d1982aada5c
2026-04-24 05:35:23.000 UTC,0x05606b62c47be3d8a7539b70504ea0f10b2f8635691b170c89f9aa9fbf4c1201,ERC20,0x68fc3a0b013f757c03a497a937ea6c9a3ba098cf,0x974caa59e49682cda0ad2bbe82983419a2ecc400
2026-04-24 05:35:23.000 UTC,0xd13666c8aab54ee922588cf0d21f04329dbf4b6ef46428e0fb86f4da5cf092db,ERC20,0x93f085027818fd6b0a42867cfa089249bf658821,0x974caa59e49682cda0ad2bbe82983419a2ecc400
2026-04-24 05:35:23.000 UTC,0x119030d3e06f173098e093c872aafd9ff8b470d87ac80334f1f5beea4152d3f0,ERC20,0x6bfe686161c328439901c6f11b4e8d63bdc02076,0xd15a3e535da09cabc1f871a94ca2f4e07dcbaed7
2026-04-24 05:35:23.000 UTC,0xe3b74bc83789718468c7732341e30b0ad29e236cfd43d5ea71f42467623b2174,ERC20,0xd267d899bee41d382cf902b44a8d1bc078cc198b,0x974caa59e49682cda0ad2bbe82983419a2ecc400
2026-04-24 05:35:23.000 UTC,0xbdfba6b1d37859cd1e4864253597f555eb0939c93e190c73eaaafbd8a4885275,ERC20,0x4e99811a149c1cd1c238e791c729f1b6f21e1085,0xe942747489e4c2303ccf82a94504166f888d3c82
2026-04-24 05:35:23.000 UTC,0x070b841f509b47d6a3831360e7748e522f32bf896bb0605a6cce9d9aedfd53de,ERC20,0x449c8c6d736cea73a1f8257838cb119dac53834f,0x974caa59e49682cda0ad2bbe82983419a2ecc400
2026-04-24 05:35:23.000 UTC,0xc4bca037b1afcd4a0baa35f7d0737cb20607bb5bdbea7d9ea41abb0ec9f7937a,ERC20,0x974caa59e49682cda0ad2bbe82983419a2ecc400,0x45aa12e0889e2d7f4e36cecf23b11139326d6696
2026-04-24 05:35:23.000 UTC,0x16e7cfed15239e9bc79460d7a77f8b0d48cc7f82d0aa58e3f08d6fc98bde50cb,ERC20,0x4bf56b7b8bb6c0fca27afc009d110a6d516f3de4,0x974caa59e49682cda0ad2bbe82983419a2ecc400
2026-04-24 05:35:23.000 UTC,0xdffc55711cb0b43f0cd0cda300030fb868e4ffab29a60f0f0021f51a8023729b,ERC20,0x959e59bb9c1e7e5ad91a7468525673e315ea7500,0x974caa59e49682cda0ad2bbe82983419a2ecc400
2026-04-24 05:35:23.000 UTC,0x99b49b207443615fe243bcb4f2751abd4b68a0317d61de423cede1f3de84d016,ERC20,0xf78b63cf76d9c5296cb391c52f35f9f6dbcbbf7d,0x7c24a5f28d41e86c6d93bc25694de12b82b8f9db
2026-04-24 05:35:23.000 UTC,0x1972b0df01a2b4b8714c5075ceadee23cdf1f3013f24b44d5829496b28d80dd1,ERC20,0x974caa59e49682cda0ad2bbe82983419a2ecc400,0xe9b20e5b24eacf9a07a93e751f8714eab2d67fbf
2026-04-24 05:35:23.000 UTC,0xd7f3954a2914dfe1053aca52f4deeedc396a1b57e9920a92664431a0a7763f1a,ERC20,0xc747d1ee44902e4f2709096c0034f1a84344e9f5,0xac5c3f5f9b0f47bbcc84fb66e3f40128dcdecc44
2026-04-24 05:35:23.000 UTC,0xf1cc78e32f6e3442abe995523288d19a1547c957a9e36c92924b88742656b25a,ERC20,0x312e492d2ab1ce967dc69928f2e59af4d0ef36a6,0x974caa59e49682cda0ad2bbe82983419a2ecc400
2026-04-24 05:35:23.000 UTC,0x8e9a605f6d1e38758554499cb7a259887aa10463340955a5f13b5b70e42c011a,ERC20,0x7a0dfcdb7af2c92e2ed80f57eb801b99157a6e16,0x974caa59e49682cda0ad2bbe82983419a2ecc400
2026-04-24 05:35:23.000 UTC,0x700ba135c012aa8668d3e42bb6f01339bf56355bb495b106238a58c98e88a943,ERC20,0x3047bb7826e01d22cefebd39f58906e0aaa14c92,0x974caa59e49682cda0ad2bbe82983419a2ecc400
2026-04-24 05:35:23.000 UTC,0x672439c0d8b20fc0f4cc08f550fed89884edcdce49f6af7246e084fd28aae995,ERC20,0x0b8f3d9ab48e60b95a58d138a6ca00c40c4effff,0x974caa59e49682cda0ad2bbe82983419a2ecc400
2026-04-24 05:35:23.000 UTC,0x3d605206a47c473eeb0df45af9661cdff94ab2fcd3006b4d4386476a4a7908a3,ERC20,0xc996e13af817b8a3eaf55939ba58175c2e51faf4,0x974caa59e49682cda0ad2bbe82983419a2ecc400
2026-04-24 05:35:23.000 UTC,0x8d9b560c2dc62ffb975e3ea8b63ad954c1d3cf9f8585dabf6ac2b7c8a25a741b,ERC20,0x1e8e81f52a2580b64fb9df380b9865608d6513da,0x974caa59e49682cda0ad2bbe82983419a2ecc400
2026-04-24 05:35:23.000 UTC,0x1d20360ca63183d0208fb4036f018a44df8588c21910469a8ebbce131245cd14,ERC20,0x18e296053cbdf986196903e889b7dca7a73882f6,0xee1e9f5c71f2820d53b08c7f9ba5959b82f6c1af
2026-04-24 05:35:23.000 UTC,0x85bac3854a31d0b99acd409678a37bd095f42a10d5fec70f886ca4b76d102cdf,ERC20,0x974caa59e49682cda0ad2bbe82983419a2ecc400,0xdf179ae14451f15d46a05da8fab9ffd4cfabd35a
2026-04-24 05:35:23.000 UTC,0xdcaaf21cc51bad0033ae09aa87b3d32da070869471799633e55c2467128e7f5e,ERC20,0x3611b82c7b13e72b26eb0e9be0613bee7a45ac7c,0x000000000004444c5dc75cb358380d2e3de08a90
2026-04-24 05:35:23.000 UTC,0x94621022959dff93c6fdc55e45f1ebd10a78b541b83787307ce7b9f84abfff93,ERC20,0x974caa59e49682cda0ad2bbe82983419a2ecc400,0x7c0fa855f25cb82757f27c8e38d000a1ef15fe6d
2026-04-24 05:35:23.000 UTC,0xdcaaf21cc51bad0033ae09aa87b3d32da070869471799633e55c2467128e7f5e,ERC20,0xa6e941eab67569ca4522f70d343714ff51d571c4,0x3611b82c7b13e72b26eb0e9be0613bee7a45ac7c
2026-04-24 05:35:23.000 UTC,0xdcaaf21cc51bad0033ae09aa87b3d32da070869471799633e55c2467128e7f5e,ERC20,0xb300000b72deaeb607a12d5f54773d1c19c7028d,0x1231deb6f5749ef6ce6943a275a1d3e7486f4eae
2026-04-24 05:35:23.000 UTC,0xcddc1c6b918d9e07ee7bcb90b56c87d9844f2c2a667e5583fb7fd3e4815d6bfa,ERC20,0xf217f210a6ff5af6d9f70117fbee52d01fe72566,0x974caa59e49682cda0ad2bbe82983419a2ecc400
2026-04-24 05:35:23.000 UTC,0x4425807db2992b40401291d8385fa060cae15eb8852856ec00459ea00e66696e,ERC20,0xbafa547d4ce68b8884eaf566f3ce52ae395a408e,0x974caa59e49682cda0ad2bbe82983419a2ecc400
2026-04-24 05:35:23.000 UTC,0x240c67d48998dab90c4a9f8392a7a38358be100929b93835b6e9c17631876641,ERC20,0x559432e18b281731c054cd703d4b49872be4ed53,0x4080e0118fb42f5fc8d8c8ee78b43f1776490abd
2026-04-24 05:35:23.000 UTC,0xdb8ba01215b77e02af46496b54756759809cef3309a914ca3b031d9e5b783f83,ERC20,0x974caa59e49682cda0ad2bbe82983419a2ecc400,0x2a155e63de6dd1a114bf4f844a2794f739b71f38
2026-04-24 05:35:23.000 UTC,0x68f3aad894c7800b0217744c26a0b20690b397ea134b9869a45a2a68672816e0,ERC20,0xe1cc68e5a382b74a8d83edaebdfa77b5598fa6a9,0x974caa59e49682cda0ad2bbe82983419a2ecc400
2026-04-24 05:35:23.000 UTC,0x74e816f131a1dbf64404cb765bfe5aa1e041f1259b557793cb65942658ab0a0a,ERC20,0x974caa59e49682cda0ad2bbe82983419a2ecc400,0x9840d9227983e33c7a8f09660574ff81ecf09a02
2026-04-24 05:35:23.000 UTC,0xa2f6a03d8fe2e74f88660332b8ea879c0e8f73498901391414ce72f0def126b6,ERC20,0x453350a39d930fa2fd30274b4ad050f9483acd06,0x974caa59e49682cda0ad2bbe82983419a2ecc400
2026-04-24 05:35:23.000 UTC,0x34f2da175617819ddf1f9ffe2a6da32f82777fe23b3451f910aeb348e8436594,ERC20,0x974caa59e49682cda0ad2bbe82983419a2ecc400,0x0929d25fd96158fd8b614a99e5216fa74d8241e6
2026-04-24 05:35:23.000 UTC,0x6dd79288b20f39fa725543432250c7c018d3eaf8ef527a24e725ca9fd98fb101,ERC20,0x974caa59e49682cda0ad2bbe82983419a2ecc400,0xfb3327bfcd702e57101cb90b8676a7f71f6455fa
2026-04-24 05:35:23.000 UTC,0x6d6078e6b44dfbd188b7ce9a2d78be834263a8ce004753abff92af73389e3fe7,ERC20,0x974caa59e49682cda0ad2bbe82983419a2ecc400,0x2753b034098afe6035357529822fe4f7dc524b9f
2026-04-24 05:35:23.000 UTC,0x737cc651cab2cb680d2c33b510767220e86a98434539a1b9b845a97ccbdb6de4,ERC20,0x3f3b69a915e3b5bad5737dd664dc0dad1644d348,0x18e296053cbdf986196903e889b7dca7a73882f6
2026-04-24 05:35:23.000 UTC,0x87dd528bbbc550679f4e7f65298da47798a21b67ed98adcfb2b7c3c679162f40,ERC20,0x97e6972006a43774a0fb55417bd0676556376d65,0x974caa59e49682cda0ad2bbe82983419a2ecc400
2026-04-24 05:35:23.000 UTC,0x62c75e5a7b72199cb79c60dab4d5af4e29c4835c138c306d30aca4db34060fb0,ERC20,0xe3b6f6d8dbdf9d4bae2e948903c073cd084fd324,0xee528819935304260bdf19e7db0f740cf0c3efd5
2026-04-24 05:35:23.000 UTC,0x37451d5e51bc1840b76d100e75edeff734d08e36ee546342dea3314a82666219,ERC20,0x974caa59e49682cda0ad2bbe82983419a2ecc400,0x8e62af8ec96c9ff010ae0b468af8a98d68ea9744
2026-04-24 05:35:23.000 UTC,0x0632347cf25ec9c36259c28b7bfd4a64f7cf0193ad30384b936b28a6956112a0,ERC20,0x26dbf547f08a9a577c43323e638be39ce1692757,0xd920760f59e2a192862f65ffe9446d6567985128
2026-04-24 05:35:23.000 UTC,0x2b4f22c32036316b24477f1c8d4c3ec1b5e5683e9f2f5121577f34d403925411,ERC20,0x974caa59e49682cda0ad2bbe82983419a2ecc400,0x2ef607ec62d5bbc0b12d5b10786b7a0ee3ac0757
2026-04-24 05:35:23.000 UTC,0x9b151c437eabff113573e4b32a1b2c75151b432f7701866c7604207ce32e1ae5,ERC20,0x1ee8b19f7defc636692ccd4023041986ba3cbead,0x974caa59e49682cda0ad2bbe82983419a2ecc400
2026-04-24 05:35:23.000 UTC,0x9462db3029d60acf93101ca75267a5c72cdfa5463e63ef0775001d6ae1a208a9,ERC20,0x974caa59e49682cda0ad2bbe82983419a2ecc400,0x3c132e1d9a08e8eead7e5f80d7be64b74ac23a0a
2026-04-24 05:35:23.000 UTC,0xdcaaf21cc51bad0033ae09aa87b3d32da070869471799633e55c2467128e7f5e,ERC20,0x5542a80879bc640529501260109c9038a556b008,0xb300000b72deaeb607a12d5f54773d1c19c7028d
2026-04-24 05:35:23.000 UTC,0xaa18d8f0935616c65e0bf9042c053050cf9c23e5458ad8b3310ad3598d60723f,ERC20,0xffb62e72d979e67ebfeca06cd3128fb8eae9050e,0x974caa59e49682cda0ad2bbe82983419a2ecc400
2026-04-24 05:35:23.000 UTC,0xa0a84f2dcbb35bc2af0b7f71298c2764db7ca3066181b4b26e1ea57878bfa341,ERC20,0x1503acf56fcc35cf154f53f9568b427d5431e0de,0x974caa59e49682cda0ad2bbe82983419a2ecc400
2026-04-24 05:35:35.000 UTC,0xc9ebb4569a644aca7fff20c124ae5bf39d99e5c6b9a8ad90074a1a238dc4c110,AMM,0x687742ebba99d963b4b580fb19dca8d93d17ec1d,0x66a9893cc07d91d95644aedd05d03f95e1dba8af
2026-04-24 05:35:35.000 UTC,0x8a383232deafcd990481aa5c03621d53bfbf6f2cb064cd93fe6d2afec3cbd5b3,ERC20,0xde55ec6c5c8aaa0d63d2df50685054f5332a80e2,0x1028816ea42cfb6965d5bb13ffd21b858b816618
2026-04-24 05:35:35.000 UTC,0x61adf8174fe7d01a45845814cfd679fbe6cd2b8c3431adba62095b33b826f4c9,AMM,0x4f4deada9f088d148784b42d7188adfc03d8b187,0x66a9893cc07d91d95644aedd05d03f95e1dba8af
2026-04-24 05:35:35.000 UTC,0x50012706ff3f6302a27dd1ca1c51356e11e74f58e415fb8ccf6f148f9b25a706,ERC20,0xd37bbe5744d730a1d98d8dc97c42f0ca46ad7146,0x01221508479c762141a80dee7c894dd0eb63bbb7
2026-04-24 05:35:35.000 UTC,0xf71c577669ec41fc52f87f8d3327eebbb240d5902513a34d0dc4255a282befb9,AMM,0xc1f7fe7078369ce022a41567a369c54076412c60,0x66a9893cc07d91d95644aedd05d03f95e1dba8af
2026-04-24 05:35:35.000 UTC,0xe0c9b04d5655f577c32fcdd84c85f7779e725bd8ef5cedfeb04804a75b02aa2b,ERC20,0x389aa657f2249d0225b337e338a84b01d0fb74eb,0xf09b7f5bc2df8273ab38008f24c7a17a6a8e6377
2026-04-24 05:35:35.000 UTC,0x3fccf57696b2c62e373bf9460807b8d9e580b172a8293c8839ccfeefc51ee12e,AMM,0x40230488c769dbca1a6f288b38fe817f1b3cf202,0x66a9893cc07d91d95644aedd05d03f95e1dba8af
2026-04-24 05:35:35.000 UTC,0xd37c02d25de7704fc7bba41ee95a93efd19ae67d1f96598bde48601b089912b5,ERC20,0x278d858f05b94576c1e6f73285886876ff6ef8d2,0x000000000004444c5dc75cb358380d2e3de08a90
2026-04-24 05:35:35.000 UTC,0x242b6be7ab2c1ec6d2e5b12a3b441ce1029cd88e3752d06093cbfcfe4e08ff0e,AMM,0xdedf92850a4a2db3bdd6b94580defb7d373c24e3,0x66a9893cc07d91d95644aedd05d03f95e1dba8af
2026-04-24 05:35:35.000 UTC,0x348032e1cf463271b8d63a885226aeef5750ca010e7ad7e909fa919505e560e6,ERC20,0xab667e161251b9d5722f73c78e9340aecb075620,0xecb906ffce8a9f3f0659ae3bf8e04e8eace4328a
2026-04-24 05:35:35.000 UTC,0x088345e0fc43dc93f578a61ecaf88d92e952bc0c8f8fc6ac1198b47e9d3ed49d,AMM,0x3c69f8220751ff82b3e8cc20d079b6806d8d21cd,0x66a9893cc07d91d95644aedd05d03f95e1dba8af
2026-04-24 05:35:35.000 UTC,0x2b3ef9a06d789e2470203a132ad11b134663b92ce15adc5f494d87356075255b,ERC20,0xf4e147db314947fc1275a8cbb6cde48c510cd8cf,0x99c9fc46f92e8a1c0dec1b1747d010903e884be1
2026-04-24 05:35:35.000 UTC,0x72fbb44e27d22aad1853d1168d109f4943851c2c2ea8563d066fac0b120f5077,ERC20,0x1135c00bc80e643c4a7dc8d42f06b76e6d259322,0x646e5a8ac6da9c4b356f6c07a2f34dd96037890a
2026-04-24 05:35:35.000 UTC,0xeb6a40c8aed82fab08bd80006d36d4038019d8930b11de4c4ae9faace6a621d4,ERC20,0x8bb497ae408ed3cc549da2ea3e31b53de79ffcbc,0x58b704065b7aff3ed351052f8560019e05925023
2026-04-24 05:35:35.000 UTC,0xdab3269281a1acf96e6dfe256f448f45bdcb3174eda7bd5e65f82e92b098024e,ERC20,0x3ab403df904434b746b75835b64e49d6552e51a8,0x621154ba3b5b81d071c5359be2a18ecd835fcad6
2026-04-24 05:35:35.000 UTC,0x578325b02469f5827984b80bdaca7ba77571711b8b3dde9834e3f4a66ae389c4,ERC20,0x59fc9da64df35ae52444737b90726bc5e8c2d0cd,0x974caa59e49682cda0ad2bbe82983419a2ecc400
2026-04-24 05:35:35.000 UTC,0x2db129b71bcd866e74d8d9652eade92d12eabaf50abab3763dead58b00497f6d,ERC20,0xb300000b72deaeb607a12d5f54773d1c19c7028d,0x04571c32a4e1c5f39bc3a238cb95b215058c432c
2026-04-24 05:35:35.000 UTC,0x43a7a5a6ab0f12356519f87b7e2a97b02d543bb04ec1dcfd2f13652fa6ff05ef,ERC20,0x88cc0800464fcef3e643a369e8a0532990995eee,0xacdb27b266142223e1e676841c1e809255fc6d07
2026-04-24 05:35:35.000 UTC,0x0f72b6cf616c403b1e8d1252f1a66856ab7f572f2ed1eaa666916e6957d0bef3,ERC20,0x3df511204c58c12f01c3f9325ebb57f0ae62b34f,0x974caa59e49682cda0ad2bbe82983419a2ecc400
2026-04-24 05:35:35.000 UTC,0x72fbb44e27d22aad1853d1168d109f4943851c2c2ea8563d066fac0b120f5077,ERC20,0x14211807dfde01ccfc72ad001ce7f23d892098d0,0xe4cd20eddb0321a79a569afef984d29a90ebd6d0
2026-04-24 05:35:35.000 UTC,0x409d47e1f8dc1fe005a26b1b42c3cb2bafe716e1fd74f4cf526f0d7d6fd43cea,ERC20,0x974caa59e49682cda0ad2bbe82983419a2ecc400,0x111085cf66e72c807d053cedc42a740aba095f90
2026-04-24 05:35:35.000 UTC,0xc5e6cbd958009f7138011f7f8a0c57629598de9551e3ff1c372f6ea6452749ad,ERC20,0x5b214c89c90b76fa946cac39ada5a0d374af3967,0x17cd93d26215426144fae0c3f47ef4b49ec4336f
2026-04-24 05:35:35.000 UTC,0x9ea8dceca6011776fb387b35e115e2ee6e7d2c9e1272ade54e76d9b451f34112,ERC20,0x974caa59e49682cda0ad2bbe82983419a2ecc400,0x96afb1b20fe127971bbefec4ca85d5e244ef7749
2026-04-24 05:35:35.000 UTC,0x812c56bcc523a6e10e5a3351bf12bebba6f8560d3e901b3708588e39497c2b3d,ERC20,0x4c82d1fbfe28c977cbb58d8c7ff8fcf9f70a2cca,0x000000000004444c5dc75cb358380d2e3de08a90
2026-04-24 05:35:35.000 UTC,0x119f8a2bcc1837668082e067643bc7e2772ef590e713a2146357fc16043a1a50,ERC20,0x2816139055a5f88179a669cd32891d1ebbbbf902,0xc8ef69421fe6a9debba9a5cd9847ed7950c471ab
2026-04-24 05:35:35.000 UTC,0x812c56bcc523a6e10e5a3351bf12bebba6f8560d3e901b3708588e39497c2b3d,ERC20,0xc7bbec68d12a0d1830360f8ec58fa599ba1b0e9b,0x4c82d1fbfe28c977cbb58d8c7ff8fcf9f70a2cca
2026-04-24 05:35:35.000 UTC,0xa576b4d2068d675b1b8a4d86cedaa8a5724e3b7191d535e606d2d3226317e04d,ERC20,0x0476c2483f4c6aa4dfb6efa29815ab74d9c1e508,0x000000000004444c5dc75cb358380d2e3de08a90
2026-04-24 05:35:35.000 UTC,0xa4debea5945ce45be963855c4527aa9a5059d6acd9efb7621562c2f73f9d586f,ERC20,0x000010036c0190e009a000d0fc3541100a07380a,0x00000000000014aa86c5d3c41765bb24e11bd701
2026-04-24 05:35:35.000 UTC,0x7598d77345a22e89c91f24cb04519c5cb588b28d50ef1d2d9e15066c73b43d5b,ERC20,0xbed095080910099be5205b3f992434be0ae8610b,0x5e9af2fa93b276b153f27a9d6ca68909c63d023f
2026-04-24 05:35:35.000 UTC,0x2db129b71bcd866e74d8d9652eade92d12eabaf50abab3763dead58b00497f6d,ERC20,0xbd7695989d5f0c15f3567f97e7269045c9c147f9,0x915fd34cadd63907b51eb64dddc2eadd114a0bed
2026-04-24 05:35:35.000 UTC,0x3cf5eebd7bab98e5eea193681bfe2286ddef4422e8a09602edc19556ff032ac6,ERC20,0xbd440a095e44927a57b9ae286846fb69f2eefbaa,0x047223b0f9429f865c3a1f1fa1302ee02b44c15f
2026-04-24 05:35:35.000 UTC,0xf8202dfcb4b0d052d8b7c043bc3e489d5008fae40c0010c6e5df22648410598d,ERC20,0x974caa59e49682cda0ad2bbe82983419a2ecc400,0x08ff7f3f56e407273cb02450a0ef3b6171bfee2e
2026-04-24 05:35:35.000 UTC,0x9c70ba488e92b8933401eea490c84d874ecdf0dd96b51ba066ed777e45b9a223,ERC20,0x1816002a889c54f6e69d8ec9c7f704a0d6e32236,0x53a9dabb341eb2fbe2468d88c0224dddcf2aa66b
2026-04-24 05:35:35.000 UTC,0x1567a30f06b6349cb0d1b2df9847b1900342e6442ee2dedb1b1382f351e78eea,ERC20,0x7331efb41006662b470845619d88c139d2403846,0xad762beb7462673594d37463ef0f51d138a37db0
2026-04-24 05:35:35.000 UTC,0xdeb85eeeeef78b3ce9940c5e8409bc2baa8cc2bb0e46963ad8ab57c5a074a41e,ERC20,0x5eb7300aed972985a79cbb78d64b0833911ff00c,0xdc6bf89eb3ac32b3b96e79ddeadad740aab6f8d4
2026-04-24 05:35:35.000 UTC,0xaf5b2be285051e414cbee73dedbb3694f42bbe95889650aa765f2af17a5a0da6,ERC20,0x00000688768803bbd44095770895ad27ad6b0d95,0x000000000004444c5dc75cb358380d2e3de08a90
2026-04-24 05:35:35.000 UTC,0x93fe2f386ff7593527679ec844a4541d3b218f33fb8e4a6c1f802396830b53c3,ERC20,0x4a546510ffe40e0d0b291d4cbedd7eebeed8d5f0,0xcfa99269466e4be9d2a665b494f2ebb212b3941f
2026-04-24 05:35:35.000 UTC,0xfaf04e74b2dd1b7047e79f74ba65d04d115487e299afd5587426aef41f7540f7,ERC20,0x974caa59e49682cda0ad2bbe82983419a2ecc400,0x410ff155dbb25ce2d3a88eb7d2fb807d75458e2b
2026-04-24 05:35:35.000 UTC,0x47aba4731f85c4c3546d6af468dace617c39594d3f58ba55bbb946f8ff11067e,ERC20,0x45723ef71d8503752eb109ca63acdb8d5e4f7c87,0xc2efed0c360d42beab0547276b331f5ebd1912ba
2026-04-24 05:35:35.000 UTC,0x459315922bcae7e31cc842056cd5f51af7a0f647e1e8a4f33f4f2f79e2f6600d,ERC20,0x21a31ee1afc51d94c2efccaa2092ad1028285549,0x3ce9ebc70b2f8e1181666111e3607a8a3fe7d705
2026-04-24 05:35:35.000 UTC,0x34e5b43e061e13a8107f52e4c73377e920ed07d843e5c829b03c708284f5fdc4,ERC20,0xf1088841ab08fc1cb3835fd75207bcb3137f6ee3,0xf0108c513f9e4c9bb8d8d252fb5945f75c0d6177
2026-04-24 05:35:35.000 UTC,0x9691564abeb3cec049a3b493d67eede4b7e42f5a1a04eeeb821e6c9cfaf62532,ERC20,0x147ac0b39675769e55a0f0e7fdd3641b47963661,0x8ddd2e3c5e2abca90912ffd482f5b8fcc293eeeb
2026-04-24 05:35:35.000 UTC,0x088345e0fc43dc93f578a61ecaf88d92e952bc0c8f8fc6ac1198b47e9d3ed49d,ERC20,0x3c69f8220751ff82b3e8cc20d079b6806d8d21cd,0xc7bbec68d12a0d1830360f8ec58fa599ba1b0e9b
2026-04-24 05:35:35.000 UTC,0x21884d64e03af9f688ddff5547b1cdec3b9439886503a9cdb65857781c5a38ec,ERC20,0x974caa59e49682cda0ad2bbe82983419a2ecc400,0x091e156747ba4394c465a5cfb8cbb7238120a9a2
2026-04-24 05:35:35.000 UTC,0xb1989b7339130ecc80fa404447c77ccce4645ac5dc3a73956cb6480e8b3ea995,ERC20,0x559432e18b281731c054cd703d4b49872be4ed53,0xa664387450aac2e93d56dd2a8fa35f8de41289cc
2026-04-24 05:35:35.000 UTC,0xe975982751190a231093a40e277308e3f6b4e63ff87adc5d1a2094d6b2bdfbb5,ERC20,0xb853418f2cf7dcc64e976bb879d3a5e2629e3d9f,0x319d32eea915b4dab9fab942250d697cb73a110d
2026-04-24 05:35:35.000 UTC,0xf4706657999c56bf7f63920b2724f3e61490e479424a960d3c0f2a2938ecf751,ERC20,0xcfef8898b6e95d17122695f2f1f1cb0369e7ce1b,0xacdb27b266142223e1e676841c1e809255fc6d07
2026-04-24 05:35:35.000 UTC,0x1faffadd71229c8621c0a6aa26b3780eafc930280775b549d71c8c5606c471b6,ERC20,0x66a9893cc07d91d95644aedd05d03f95e1dba8af,0x000000000004444c5dc75cb358380d2e3de08a90
2026-04-24 05:35:35.000 UTC,0xa576b4d2068d675b1b8a4d86cedaa8a5724e3b7191d535e606d2d3226317e04d,ERC20,0x000000000004444c5dc75cb358380d2e3de08a90,0x0476c2483f4c6aa4dfb6efa29815ab74d9c1e508
2026-04-24 05:35:35.000 UTC,0x0d9a47924890d58c56d1113cfea8901b2dbebebf3361086c5d32a4cd24d6d937,ERC20,0xad4f68a06acfad5a55decb650c1ad25921211df1,0x974caa59e49682cda0ad2bbe82983419a2ecc400
2026-04-24 05:35:35.000 UTC,0xdab3269281a1acf96e6dfe256f448f45bdcb3174eda7bd5e65f82e92b098024e,ERC20,0x3ab403df904434b746b75835b64e49d6552e51a8,0x4b742ad5ca91969e82aefb80072ae59121a3d72a
2026-04-24 05:35:35.000 UTC,0x2db129b71bcd866e74d8d9652eade92d12eabaf50abab3763dead58b00497f6d,ERC20,0xb300000b72deaeb607a12d5f54773d1c19c7028d,0xbd7695989d5f0c15f3567f97e7269045c9c147f9
2026-04-24 05:35:35.000 UTC,0x2db129b71bcd866e74d8d9652eade92d12eabaf50abab3763dead58b00497f6d,ERC20,0x88649f4743a758171077b98ee2003f1989b1615a,0xb300000b72deaeb607a12d5f54773d1c19c7028d
2026-04-24 05:35:35.000 UTC,0x242b6be7ab2c1ec6d2e5b12a3b441ce1029cd88e3752d06093cbfcfe4e08ff0e,ERC20,0xdedf92850a4a2db3bdd6b94580defb7d373c24e3,0x000000000004444c5dc75cb358380d2e3de08a90
2026-04-24 05:35:35.000 UTC,0x72fbb44e27d22aad1853d1168d109f4943851c2c2ea8563d066fac0b120f5077,ERC20,0xd4f5fafdebe5796d499953ed72f08e7d1c53c6b7,0x658a9e27add6c537355458f10ceacd238b2f5d2f
2026-04-24 05:35:35.000 UTC,0xbe321d6fe07a783a16dbbc5f9cd94dd6e0e404b55e857067e86de9b50cfa7598,ERC20,0xc7bbec68d12a0d1830360f8ec58fa599ba1b0e9b,0x7f54f05635d15cde17a49502fedb9d1803a3be8a
2026-04-24 05:35:35.000 UTC,0xc691ca186db5002ff7f46b7e5e7c5f725d6280ac5d749c4509fd44e0fb141395,ERC20,0xc7bbec68d12a0d1830360f8ec58fa599ba1b0e9b,0x51c72848c68a965f66fa7a88855f9f7784502a7f
2026-04-24 05:35:35.000 UTC,0xcb5020249057fcdc31bbf90ff6e8b5494a68f964119cf2eb492945e2bba0d460,ERC20,0x28c6c06298d514db089934071355e5743bf21d60,0x67e6643ebc8d5f70493e390d9b098aa91a9a1d91
2026-04-24 05:35:35.000 UTC,0x1faffadd71229c8621c0a6aa26b3780eafc930280775b549d71c8c5606c471b6,ERC20,0x33676385160f9d8f03a0db2821029882f7c79e93,0x66a9893cc07d91d95644aedd05d03f95e1dba8af
2026-04-24 05:35:35.000 UTC,0x72fbb44e27d22aad1853d1168d109f4943851c2c2ea8563d066fac0b120f5077,ERC20,0x776d22a9265f7c686be0ffc23f856fcf6dc0d797,0xca836127b76d0383fefccc6bfe7a9c0f67b354cc
2026-04-24 05:35:35.000 UTC,0xa4debea5945ce45be963855c4527aa9a5059d6acd9efb7621562c2f73f9d586f,ERC20,0xbbcb91440523216e2b87052a99f69c604a7b6e00,0x000010036c0190e009a000d0fc3541100a07380a
2026-04-24 05:35:35.000 UTC,0x400cfc521525846cbb25bb08bfa28f941cc6ac306aff954bcf394d19932ed200,ERC20,0xb685760ebd368a891f27ae547391f4e2a289895b,0x48f3d9d1bf48f9c51fc55b6c47bb55bb8dbb5a41
2026-04-24 05:35:35.000 UTC,0x06741800a98024ed0da59e574d5d7ad615a09c3bf32e53a4cf0ada1bfeef7dde,ERC20,0xf61655794dd33d3658d26fd06aabb872e7a13c51,0xaf4049b100b0410540dfff22047f8ae3f5c801f4
2026-04-24 05:35:35.000 UTC,0xd3f2d4c61df6c60d8ecde840b0c211f6c667b7fa0d53229882e6a46c5aee25ae,ERC20,0xeb788c51633da918676bde505876a8724b7179dc,0xb334a61a6209f14b5fa5f1684a4ed7621f66e1ef
2026-04-24 05:35:35.000 UTC,0x3122ee765b6ab905d41be215c6a7387d6d73275fb691fcb37153675d9cb02f3a,ERC20,0x974caa59e49682cda0ad2bbe82983419a2ecc400,0x53b4830df09ae6d299999d41f7395aa1c59f20fe
2026-04-24 05:35:35.000 UTC,0xbe321d6fe07a783a16dbbc5f9cd94dd6e0e404b55e857067e86de9b50cfa7598,ERC20,0x7f54f05635d15cde17a49502fedb9d1803a3be8a,0x337685fdab40d39bd02028545a4ffa7d287cc3e2
2026-04-24 05:35:35.000 UTC,0xaf5b2be285051e414cbee73dedbb3694f42bbe95889650aa765f2af17a5a0da6,ERC20,0xef420f4cdbeea67346e8e0160f25bb54daf87ee9,0x00000688768803bbd44095770895ad27ad6b0d95
2026-04-24 05:35:35.000 UTC,0x72fbb44e27d22aad1853d1168d109f4943851c2c2ea8563d066fac0b120f5077,ERC20,0x430bc4bf95bd68a951e623889ce5c4f683259300,0x4b1fc6315ee5eae7b58f2178f40abb34ecec9614
2026-04-24 05:35:35.000 UTC,0x088cd44a71e6748998d7bd789164f45e5dba793bbca7bf9a6fbb41ec156afaba,ERC20,0x0d01dfa0912aa3db76f586c8ea0bc79d6a1d127a,0x974caa59e49682cda0ad2bbe82983419a2ecc400
2026-04-24 05:35:35.000 UTC,0x1b220e218ce6d09fa95cee0d64e8fe3fe98fed8ce0735d7687a711d95885bae1,ERC20,0xa05d80fb801148f313e42c4e6dce822131d0867d,0xe80e97866e2bd9fa726f4601b480701b8a257f76
2026-04-24 05:35:35.000 UTC,0xbe321d6fe07a783a16dbbc5f9cd94dd6e0e404b55e857067e86de9b50cfa7598,ERC20,0x337685fdab40d39bd02028545a4ffa7d287cc3e2,0x40ffe85a28dc9993541449464d7529a922142960
2026-04-24 05:35:35.000 UTC,0xb39663d2ed45e6c96493089c6afc999ad580d67c020b8d0d4523fbee2c63a2d9,ERC20,0x1548ee9715d2dfc26de361a723b2209b4d1d0e5c,0x974caa59e49682cda0ad2bbe82983419a2ecc400
2026-04-24 05:35:47.000 UTC,0xc0637ddf3b548504eceb06112cb2019d2b4c6aa2028312926a52abeaaf0dcf03,AMM,0x58b82c6bf0ff305aace7c009fbbd8baea167789a,0x66a9893cc07d91d95644aedd05d03f95e1dba8af
2026-04-24 05:35:47.000 UTC,0x9abfa5d39de87d32a762f04cd4a9b1a9e6d8602a67da07e8cfc2986b00ba65ca,ERC20,0xf70da97812cb96acdf810712aa562db8dfa3dbef,0xfd443662a3baf40767e969cf507f07ca73baf85c
2026-04-24 05:35:47.000 UTC,0x01d508ec55ba98f1a90a011c5861da9b9f5eb37a8ccaaade2eb62539bf38c26a,AMM,0x287c1abaa1be68951f27e9470a10d314a1ee6e4f,0x66a9893cc07d91d95644aedd05d03f95e1dba8af
2026-04-24 05:35:47.000 UTC,0x822577249b9934eca7b07832516e0f8da6907cd3d96e2d490fa2ac0ce4416d31,ERC20,0x9c2b19f98195601acc709f0725a70ff3b1e32bbe,0x3703d3e7965ecd08c59fb0974e05989f650ab466
2026-04-24 05:35:47.000 UTC,0xc6862f74a452f5149d2cd76640201e2f093ccfdf39480986c6ed1ad4ed5c1ba5,AMM,0xf449c8b836cb08321b25d065056900b10e19abc1,0x66a9893cc07d91d95644aedd05d03f95e1dba8af
2026-04-24 05:35:47.000 UTC,0xebe32c09402db0a7cff2eaec911cb14a60a9134aac23e93ff1e7b2e35d42f74b,ERC20,0xb0f3764ea5383509c7fbe0dfebf5a310616a6e73,0x000000000004444c5dc75cb358380d2e3de08a90
2026-04-24 05:35:47.000 UTC,0x5a983e082d53427a87c5bcc6cb515cbce99b0bd070e67e29026a2f8a228e7eaa,AMM,0x4bf2389db5996620c65d778c6f04c74a6cedb3ec,0x66a9893cc07d91d95644aedd05d03f95e1dba8af
2026-04-24 05:35:47.000 UTC,0x2365fe8f76647c4d2f423f0f4c00651a14f64d31812e1005671d1ea4249499f3,ERC20,0x6131b5fae19ea4f9d964eac0408e4408b66337b5,0x6476861d956699c5c8d453f7bec80038fbfe5f40
2026-04-24 05:35:47.000 UTC,0x78d6145e16957ac1502bfb83cc4f595adc7704920e40640bd4af5fef75c25752,ERC20,0x974caa59e49682cda0ad2bbe82983419a2ecc400,0x7b09cc40227d2aecc04a8f8584370a4046e073b0
2026-04-24 05:35:47.000 UTC,0xf83a1c231c3b7302b61b2f4e251e0b51879d0e7193b074fa42babd055346cbbc,ERC20,0x56eddb7aa87536c09ccc2793473599fd21a8b17f,0xd2f16d2148c55e40feaff8bd5184fa56f585e8da
2026-04-24 05:35:47.000 UTC,0x2cb32f0611d6a9ba88526e6b674975e822133628c8261d74539d21f90189d9fd,ERC20,0xbd7695989d5f0c15f3567f97e7269045c9c147f9,0x915fd34cadd63907b51eb64dddc2eadd114a0bed
2026-04-24 05:35:47.000 UTC,0x2365fe8f76647c4d2f423f0f4c00651a14f64d31812e1005671d1ea4249499f3,ERC20,0x6131b5fae19ea4f9d964eac0408e4408b66337b5,0x478615f37fccb0df69c191a8674233f6899d092e
2026-04-24 05:35:47.000 UTC,0x00bc0d71da7c3145b9c094c837c374654cb1dc86218c2f0fc75ed03aa0b19778,ERC20,0x1d470db33ae2dbba4d607e68ab707af585ea8eab,0x904a606fb118eb60b6d5c080f73ff53436e96a74
2026-04-24 05:35:47.000 UTC,0xd1ddb6792c646624613a24f4a531c1681e526ccb918bd9fa99d2467ce8fb3bd4,ERC20,0xf82f2e0fd59d989b3f52f9a2322725b1d1493ef9,0x35ba6e376cf8bcfc435b5a4db5333f28fba8db49
2026-04-24 05:35:47.000 UTC,0x65908534bdf21e1de3b501ff100e07f6a265f481deccb40d97c9c7f877a37d5a,ERC20,0xb74d51231baf36697abc3534731819a8cc58498f,0x08daf71efa7915807bc5675ad402989d7820cf6f
2026-04-24 05:35:47.000 UTC,0x2cb32f0611d6a9ba88526e6b674975e822133628c8261d74539d21f90189d9fd,ERC20,0x2beb35e78c9427899353c41c96bcc96c5647ec63,0xbd7695989d5f0c15f3567f97e7269045c9c147f9
2026-04-24 05:35:47.000 UTC,0x822577249b9934eca7b07832516e0f8da6907cd3d96e2d490fa2ac0ce4416d31,ERC20,0xefec58e4ee4e1a1733522c48d8aef92582f50cd0,0x242f9c740fa1ced548330dc09b2a4091c154dce0
2026-04-24 05:35:47.000 UTC,0xedef570626500fccae1463c30984945a1002a1a067768ae88c3ea10aebde776f,ERC20,0xf2ecb22cf5c49efd4b9fcb5e4b845bfaaa41a968,0x9478bb6bf3b9cf247a4db8f1409da12814549d5e
2026-04-24 05:35:47.000 UTC,0xd7a02d814b5cf3ce275c1e6b6acf2c3a40cac84b0a9685d8c89b96cfea430b45,ERC20,0x1d27ad3613e84e201bc87929590f95e75454cdc0,0xa3186d96dc27a7c900915ce714bbd7c4b0436216
2026-04-24 05:35:47.000 UTC,0x81afe75db71021166449d310e5fcdc5cd939f5a8eef435d382240ea332dfb305,ERC20,0x00c7e328e929deec71321e7f9d242f18bf723b79,0xf3c2de39a77b0966cedccfdfb4de0a22dcc416b8
2026-04-24 05:35:47.000 UTC,0xcd778f841fc71c9e098f586a60ff883f3b62b7130cfe8810aaff16c6348d7312,ERC20,0xacdb27b266142223e1e676841c1e809255fc6d07,0xc7bbec68d12a0d1830360f8ec58fa599ba1b0e9b
2026-04-24 05:35:47.000 UTC,0xe3188e6dd7a3942401eecffa2d54b3d4ff036ab9e29910037b4b9999f4056dd1,ERC20,0xacdb27b266142223e1e676841c1e809255fc6d07,0x9008d19f58aabd9ed0d60971565aa8510560ab41
2026-04-24 05:35:47.000 UTC,0x41d5ec2ea2182d0272dd775a032cdd95d0b79f25ceb787691117353615640889,ERC20,0x3c02290922a3618a4646e3bbca65853ea45fe7c6,0x0f07955e71b1a430b3c50d005ed4c022dfdf4f3f
2026-04-24 05:35:47.000 UTC,0x28bb2219e00950d38d3a1b10873140137fb98fc66f747b1f76f1d3c1465e24c2,ERC20,0xd5d4f6572ad884956375566826e4fcba987ae989,0x000000000004444c5dc75cb358380d2e3de08a90
2026-04-24 05:35:47.000 UTC,0x95846e2ac74feb24c4b547937e9273c43fadacc68aaa09644490a57d891730dd,ERC20,0x28c6c06298d514db089934071355e5743bf21d60,0x5f503a732ec27ee2f6f2cab7da9b348ceaa1b4ae
2026-04-24 05:35:47.000 UTC,0x07ac4b58c9d7d4c63d28398318c0f470b1f06719028d411353788e5fba95dcd7,ERC20,0x8ae94f79bb0a1b63ec5408dec5e3e1d8baa436ff,0x9213dec3822f9de52c892879010d37d104f480cb
2026-04-24 05:35:47.000 UTC,0xffa8a6acd9617e00d7fc6a20c26baf2479249029949ce3c82d0982d320b7d58c,ERC20,0x893c786329b22204e5eef13690c0ca7a233217b9,0x553ac06825ed37bc6ff83f5babdb272fc3f9f7c8
2026-04-24 05:35:47.000 UTC,0x49a24b3530f04090d52a5fcdc9d3a425cc4d42e32a97176f914dd28594aa6587,ERC20,0x65ef26d22a5a85b951fb02528dcf4f3272d3c5e2,0x89c6340b1a1f4b25d36cd8b063d49045caf3f818
2026-04-24 05:35:47.000 UTC,0x2365fe8f76647c4d2f423f0f4c00651a14f64d31812e1005671d1ea4249499f3,ERC20,0xc7bbec68d12a0d1830360f8ec58fa599ba1b0e9b,0x8f10b468b06c6fd214b65f87778827f7d113f996
2026-04-24 05:35:47.000 UTC,0x822577249b9934eca7b07832516e0f8da6907cd3d96e2d490fa2ac0ce4416d31,ERC20,0x625f7b614f8586b978f0bd29d0a06d561cc14f7e,0x6c42a430f101257b91e2c455e74581334601a22a
2026-04-24 05:35:47.000 UTC,0xa76d5f5ce4d1b51f7919abd40e6efd10b0b07cee38efc6e121f84c1841a41c65,ERC20,0x21a31ee1afc51d94c2efccaa2092ad1028285549,0x3f7d80988d46a2cd3c5e91f155780a51982014c9
2026-04-24 05:35:47.000 UTC,0x49a24b3530f04090d52a5fcdc9d3a425cc4d42e32a97176f914dd28594aa6587,ERC20,0x89c6340b1a1f4b25d36cd8b063d49045caf3f818,0x1231deb6f5749ef6ce6943a275a1d3e7486f4eae
2026-04-24 05:35:47.000 UTC,0xbb163c5088fd563b3e5f215d9b123ab72116802b55ad1a7da51707e66edf716a,ERC20,0x559432e18b281731c054cd703d4b49872be4ed53,0x015928d3756b45ebce0e17623d5aea923d39a6b4
2026-04-24 05:35:47.000 UTC,0xad24ba028acdb3cd15978fae5b3634afafc0e76e76fd3eaba7271366f0669645,ERC20,0x27174049afb909bdf1e0cd5ef4f3821c69ddc425,0xcd666d241163310942700514d546e8b04fc5ceb0
2026-04-24 05:35:47.000 UTC,0xb7806406a22b0455740e34ef78e41bd6f7984d37b0c89698598d8d0a4550bb24,ERC20,0x337685fdab40d39bd02028545a4ffa7d287cc3e2,0x40ffe85a28dc9993541449464d7529a922142960
2026-04-24 05:35:47.000 UTC,0xaac1554fab1cde2c21c1938068fd7590cbcbac6c36cc2aebc61fa371bfa009cf,ERC20,0x5f53cb98a7d00d8a77338c4ec2d728795e180ffa,0xe199f0304319644c5ab55090a5de11f36e6a4a25
2026-04-24 05:35:47.000 UTC,0xeb25dbd0c597b25ab9459b5965640b0ea4f9bb0f12f724e753e22a58427020c8,ERC20,0xc7bbec68d12a0d1830360f8ec58fa599ba1b0e9b,0x74de5d4fcbf63e00296fd95d33236b9794016631
2026-04-24 05:35:47.000 UTC,0x3f55855c23b5b26d73e25b4f44d66d9a691642509d59092ea06f3920c52c098d,ERC20,0xf78b2eda7c1e20ff9906b31fe3612195bce9d6ce,0xa7f0e0e4148c56bda977e7e774c0cdb0ec58916a
2026-04-24 05:35:47.000 UTC,0xafcce257c0c81f5f3698ae1eaf2db508e66a5750690e301474c4f56a0ad96a59,ERC20,0x72e5f2327822800a429f892b7604a5c8537a228a,0x3c2a06821143859390d3abc5b13e034af0f0ae8b
2026-04-24 05:35:47.000 UTC,0x1d22af29a91e2ca6c9df46fb48108220cb5acc9113bbd9abe87cfdab119c2f75,ERC20,0x974caa59e49682cda0ad2bbe82983419a2ecc400,0x7411c0ea19e7af815b5b9da33030c6f14aa4de08
2026-04-24 05:35:47.000 UTC,0x2c9a867e76f3243277c4f0b9857d50ba246360980908244a17f9189eb7c63419,ERC20,0xcec7dbd3f2371ab0dd5ee1701a070af04d43019f,0xccd944dd160e2a13059846de86c18145c0e8c8ae
2026-04-24 05:35:47.000 UTC,0x822577249b9934eca7b07832516e0f8da6907cd3d96e2d490fa2ac0ce4416d31,ERC20,0x5cc5291b2af4cf2862ecc91d7da4c9e76dfc558d,0x4b3589e4b99d7ed8820f6c6b45ea69ce35be575e
2026-04-24 05:35:47.000 UTC,0x70bec538c956abe18da69ebb1a40e3afbfcc86b9b88615aa38573085394b09ed,ERC20,0x000000000004444c5dc75cb358380d2e3de08a90,0x04571c32a4e1c5f39bc3a238cb95b215058c432c
2026-04-24 05:35:47.000 UTC,0x81afe75db71021166449d310e5fcdc5cd939f5a8eef435d382240ea332dfb305,ERC20,0xf3c2de39a77b0966cedccfdfb4de0a22dcc416b8,0xe3d41d19564922c9952f692c5dd0563030f5f2ef
2026-04-24 05:35:47.000 UTC,0xd52a586fd1955546b679d2fe44c836252a9574128d99e0d8f36c9131ede68074,ERC20,0xb300000b72deaeb607a12d5f54773d1c19c7028d,0x04571c32a4e1c5f39bc3a238cb95b215058c432c
2026-04-24 05:35:47.000 UTC,0xb1e2af9977753e8a00cfef159a7b8ce298fba8a7bd6e658853ae15f4cbe40912,ERC20,0xdfd5293d8e347dfe59e90efd55b2956a1343963d,0x70b917187567343c72b495f4c3173c9fcefcf39c
2026-04-24 05:35:47.000 UTC,0xeb25dbd0c597b25ab9459b5965640b0ea4f9bb0f12f724e753e22a58427020c8,ERC20,0x74de5d4fcbf63e00296fd95d33236b9794016631,0x17bd9e21a4562362a3e61de6223b8c017ac2c9ce
2026-04-24 05:35:47.000 UTC,0x822577249b9934eca7b07832516e0f8da6907cd3d96e2d490fa2ac0ce4416d31,ERC20,0xd83ebeb00b0adb4de6145c484b1be3a721d60a65,0x521fbd10765cfdbd31d7a2b3ef3916b409dbbedf
2026-04-24 05:35:47.000 UTC,0x28bb2219e00950d38d3a1b10873140137fb98fc66f747b1f76f1d3c1465e24c2,ERC20,0x000000000004444c5dc75cb358380d2e3de08a90,0xd5d4f6572ad884956375566826e4fcba987ae989
2026-04-24 05:35:47.000 UTC,0x2365fe8f76647c4d2f423f0f4c00651a14f64d31812e1005671d1ea4249499f3,ERC20,0x8f10b468b06c6fd214b65f87778827f7d113f996,0x6131b5fae19ea4f9d964eac0408e4408b66337b5
2026-04-24 05:35:47.000 UTC,0x70bec538c956abe18da69ebb1a40e3afbfcc86b9b88615aa38573085394b09ed,ERC20,0xc7bbec68d12a0d1830360f8ec58fa599ba1b0e9b,0x04571c32a4e1c5f39bc3a238cb95b215058c432c
2026-04-24 05:35:47.000 UTC,0x4895f23448d4589d079b88e108ec798cadd3e12143162a7d94688ba11372bc56,ERC20,0x4a9a16755a6bf64291cd2c9eb027b39c129ff58d,0x161d77450d5604adcf0603aa23bc76cc5c2aeb1f
2026-04-24 05:35:47.000 UTC,0xb7806406a22b0455740e34ef78e41bd6f7984d37b0c89698598d8d0a4550bb24,ERC20,0x7f54f05635d15cde17a49502fedb9d1803a3be8a,0xf5c4f3dc02c3fb9279495a8fef7b0741da956157
2026-04-24 05:35:47.000 UTC,0x49a24b3530f04090d52a5fcdc9d3a425cc4d42e32a97176f914dd28594aa6587,ERC20,0x1231deb6f5749ef6ce6943a275a1d3e7486f4eae,0xc10ee9031f2a0b84766a86b55a8d90f357910fb4
2026-04-24 05:35:47.000 UTC,0x34ad34226c43a369986b36a344ddd9f1c92ff91afd73dfa7ea895d851cee0a1f,ERC20,0xb685760ebd368a891f27ae547391f4e2a289895b,0xa7a63e53e5a2e5e86f7edd250c5e2339ddb94440
2026-04-24 05:35:47.000 UTC,0xd52a586fd1955546b679d2fe44c836252a9574128d99e0d8f36c9131ede68074,ERC20,0x97c7af7cbf4d1bd9d0c9e71eb7fcc79c25f57b38,0x071e944d0ec39b4f8fdc3903824bb99c86cc41c0
2026-04-24 05:35:47.000 UTC,0x90451d022e140a32154b6c41fab644ee95de21e43d38c71877c9fb76646b7a8e,ERC20,0x97495016d922f55d5ed809127fc2aac764753fd8,0x74de5d4fcbf63e00296fd95d33236b9794016631
2026-04-24 05:35:47.000 UTC,0xe3188e6dd7a3942401eecffa2d54b3d4ff036ab9e29910037b4b9999f4056dd1,ERC20,0xc7bbec68d12a0d1830360f8ec58fa599ba1b0e9b,0x9008d19f58aabd9ed0d60971565aa8510560ab41
2026-04-24 05:35:47.000 UTC,0xd91d4a0b315761a6663936c81d11ee0371e35cd43596453674efb6190034e82f,ERC20,0xd37bbe5744d730a1d98d8dc97c42f0ca46ad7146,0xac51dbb28a2ba1bdcbb88cba8392d3010c3d2721
2026-04-24 05:35:47.000 UTC,0x4ab387d35243d159d246f7f09c08ae60821c31cb62719fd9cf925b2928016f83,ERC20,0xa86124c48cabbd6f475c5e3d96f65da6130b488f,0x523d0aa38c7ce10ab452ed1521497bedb4922541
2026-04-24 05:35:47.000 UTC,0xd7a02d814b5cf3ce275c1e6b6acf2c3a40cac84b0a9685d8c89b96cfea430b45,ERC20,0xe3d41d19564922c9952f692c5dd0563030f5f2ef,0x1d27ad3613e84e201bc87929590f95e75454cdc0
2026-04-24 05:35:47.000 UTC,0xd52a586fd1955546b679d2fe44c836252a9574128d99e0d8f36c9131ede68074,ERC20,0x97c7af7cbf4d1bd9d0c9e71eb7fcc79c25f57b38,0xb300000b72deaeb607a12d5f54773d1c19c7028d
2026-04-24 05:35:47.000 UTC,0x49a24b3530f04090d52a5fcdc9d3a425cc4d42e32a97176f914dd28594aa6587,ERC20,0xc10ee9031f2a0b84766a86b55a8d90f357910fb4,0xacdb27b266142223e1e676841c1e809255fc6d07
2026-04-24 05:35:47.000 UTC,0xb2059495d8bf6fba88b0c3e0b6c82aa5634e55497623d02c2ba2ee225f6ceae7,ERC20,0x89c074bc240915c60712933c69f964b259ff1ab7,0xec4f06ed2c692524bfc302766fe173783e13e004
2026-04-24 05:35:47.000 UTC,0x75261c5b961f9117cc1dee371938ebf47c1684c3c361a0dd8297ae0d1cb4c4a2,ERC20,0xe1b03bbc0d1c1e0fd18a7319cbc17522cc0d69b9,0xd8fcb19e4444db4515b298af29447e6add5607e5
2026-04-24 05:35:47.000 UTC,0xe3188e6dd7a3942401eecffa2d54b3d4ff036ab9e29910037b4b9999f4056dd1,ERC20,0x9008d19f58aabd9ed0d60971565aa8510560ab41,0xe3d41d19564922c9952f692c5dd0563030f5f2ef
2026-04-24 05:35:47.000 UTC,0x381baef4f8e25fda43a9488e21b31b5934371304ada551d4eca737ddb328f041,ERC20,0x28c6c06298d514db089934071355e5743bf21d60,0x3c69528fddf1eb6c94e6c62937f0bd66640adfb5
2026-04-24 05:35:47.000 UTC,0x2f0b7ef6a94c71a7c4ee934df9bbc704f814facac03863f2a2cd6f6b8f209a4a,ERC20,0x88cc0800464fcef3e643a369e8a0532990995eee,0xacdb27b266142223e1e676841c1e809255fc6d07
2026-04-24 05:35:47.000 UTC,0xb7806406a22b0455740e34ef78e41bd6f7984d37b0c89698598d8d0a4550bb24,ERC20,0x7f54f05635d15cde17a49502fedb9d1803a3be8a,0x337685fdab40d39bd02028545a4ffa7d287cc3e2
2026-04-24 05:35:47.000 UTC,0x90451d022e140a32154b6c41fab644ee95de21e43d38c71877c9fb76646b7a8e,ERC20,0x74de5d4fcbf63e00296fd95d33236b9794016631,0xc7bbec68d12a0d1830360f8ec58fa599ba1b0e9b
2026-04-24 05:35:47.000 UTC,0xb0dffc2bd172926e64eb273dc7682d26af843e1c84ea665415e369c5100fc9ae,ERC20,0x4d423665c7b17c167769b6975197db90b6f4c4be,0xe5df3555917dc6a87ac0885563c1dc95b7b42083
2026-04-24 05:35:47.000 UTC,0x81afe75db71021166449d310e5fcdc5cd939f5a8eef435d382240ea332dfb305,ERC20,0x00c7e328e929deec71321e7f9d242f18bf723b79,0x33b99ccbc84e8a87e10ec86386a7eb5ad434fb7e
2026-04-24 05:35:47.000 UTC,0x1e1d0cd61273a380fd4a14d51683bb52392b6b5f5af77eeab0a03b134fee35cd,ERC20,0x51c72848c68a965f66fa7a88855f9f7784502a7f,0xc7bbec68d12a0d1830360f8ec58fa599ba1b0e9b
2026-04-24 05:35:47.000 UTC,0x6e60d8e6ca890736f373bd6533708ae798595ec88ef014ecfd2555fc9f88647e,ERC20,0x974caa59e49682cda0ad2bbe82983419a2ecc400,0xb9edf1ae8b01806aff7505bec44697460782869a
2026-04-24 05:35:47.000 UTC,0xb7806406a22b0455740e34ef78e41bd6f7984d37b0c89698598d8d0a4550bb24,ERC20,0xc7bbec68d12a0d1830360f8ec58fa599ba1b0e9b,0x7f54f05635d15cde17a49502fedb9d1803a3be8a
2026-04-24 05:35:47.000 UTC,0x2365fe8f76647c4d2f423f0f4c00651a14f64d31812e1005671d1ea4249499f3,ERC20,0xacdb27b266142223e1e676841c1e809255fc6d07,0x8f10b468b06c6fd214b65f87778827f7d113f996
2026-04-24 05:35:47.000 UTC,0x2365fe8f76647c4d2f423f0f4c00651a14f64d31812e1005671d1ea4249499f3,ERC20,0x000000000004444c5dc75cb358380d2e3de08a90,0x8f10b468b06c6fd214b65f87778827f7d113f996
